일련번호,시도명,시군구명,대피지구명,대피장소명,주소,수용가능인원수,대피소 분류명,해변으로부터거리,내진적용여부,해발높이,경도,위도
587,경상북도,울진군,거일지구1,마을뒷산고지대 4,경상북도 울진군 평해읍 거일리 산159,48,공터,150,,25,129.47490600,36.69918300
585,경상북도,울진군,거일지구1,마을뒷산고지대 2,경상북도 울진군 평해읍 거일리 83-1,48,공터,100,,27,129.47292200,36.70833400
586,경상북도,울진군,거일지구1,마을뒷산고지대 3,경상북도 울진군 평해읍 거일리 산153-1,48,공터,150,,25,129.47466200,36.70104100
583,경상북도,울진군,거일지구2,거일평화교회,경상북도 울진군 평해읍 울진대게로 603-12,48,공터,100,,27,129.47321200,36.70513200
584,경상북도,울진군,거일지구2,마을뒷산고지대 1,경상북도 울진군 평해읍 거일리 192,48,공터,250,,27,129.47386300,36.70375100
598,경상북도,울진군,직산지구1,직산1리 마을회관 뒤 고지대,경상북도 울진군 평해읍 직산리 61-1,70,공터,150,,15,129.47453300,36.73243300
582,경상북도,울진군,"죽변1,2지구",죽변119안전센터,경상북도 울진군 죽변면 후정리 381-6,30,공공건축물,1000,,26,129.41267200,37.05511700
597,경상북도,울진군,직산지구2,직산보건소뒷산,경상북도 울진군 평해읍 직산리 317,70,공터,180,,18,129.46952100,36.72138700
595,경상북도,울진군,직산지구1,해뜨는 바다펜션 뒷산,경상북도 울진군 평해읍 직산리 20-1,84,공터,240,,20,129.47508200,36.73295700
596,경상북도,울진군,직산지구2,직산2리 282번지 밭 일대,경상북도 울진군 평해읍 직산리 288,70,공터,250,,22,129.47029100,36.71971800
594,경상북도,울진군,직산지구1,해뜨는 바다펜션 옆 고지대,경상북도 울진군 평해읍 직산리 28-2,70,공터,180,,18,129.47512200,36.73314200
591,경상북도,울진군,월송지구1,월송초등학교,경상북도 울진군 평해읍 월송길 59,388,학교운동장,600,,15,129.45899500,36.73589400
592,경상북도,울진군,월송지구3,마을뒷산고지대,경상북도 울진군 평해읍 월송리 산18,200,공터,600,,27,129.45822300,36.74132600
593,경상북도,울진군,월송지구2,월송2리마을회관뒷산,경상북도 울진군 평해읍 월송리 산22-6,200,공터,600,,25,129.45951800,36.73927700
604,경상북도,울진군,금음지구1,마을뒤공터,경상북도 울진군 후포면 금음리 114-6,200,공터,160,,15,129.42948700,36.66724000
605,경상북도,울진군,금음지구2,국도옆산마루측구,경상북도 울진군 후포면 금음리 259,300,공터,80,,25,129.43103900,36.66088800
606,경상북도,울진군,금음지구3,구 7번국도,경상북도 울진군 후포면 금음리 385,500,도로변,300,,40,129.43624900,36.67376600
601,경상북도,울진군,후포지구4,선재하이츠빌라옥상,경상북도 울진군 후포면 후포로 121,200,민간건축물,200,,17,129.45399000,36.68176500
602,경상북도,울진군,삼율지구3,보성장여관,경상북도 울진군 후포면 후포삼율로 70,200,민간건축물,250,,15,129.44049400,36.67652100
603,경상북도,울진군,금음지구1,마을뒤고지대(주차장),경상북도 울진군 후포면 금음리 113-1,300,공터,240,,20,129.43127800,36.66809800
600,경상북도,울진군,삼율지구3,남울진청년회의소,경상북도 울진군 후포면 정실2길 104,300,공터,350,,20,129.43562700,36.67757800
599,경상북도,울진군,직산지구2,직산2리마을회관뒷산,경상북도 울진군 평해읍 직산리 산42,70,공터,60,,18,129.47061700,36.72347200
614,경상북도,울진군,삼율지구2,삼영아파트옥상,경상북도 울진군 후포면 울진대게로 24-7,400,민간건축물,150,,20,129.44247300,36.67724700
612,경상북도,울진군,삼율지구1,후포초등학교,경상북도 울진군 후포면 삼율5길 8,9000,학교운동장,350,,18,129.44141900,36.68117100
613,경상북도,울진군,삼율지구1,마을뒤고지대(주차장),경상북도 울진군 후포면 삼율리 356-2,500,공터,220,,19,129.43984100,36.68151500
611,경상북도,울진군,금음지구1,어업무선국송신소,경상북도 울진군 후포면 동해대로 307-18,300,공터,100,,24,129.43467100,36.66954500
608,경상북도,울진군,삼율지구3,7번국도 옆 공장부지,경상북도 울진군 후포면 금음리 28-4,500,공터,200,,30,129.43660500,36.67330300
609,경상북도,울진군,금음지구2,풍경모텔뒷산,경상북도 울진군 후포면 금음리 산155-1,500,공터,250,,24,129.42970200,36.66422000
610,경상북도,울진군,금음지구2,반소골길,경상북도 울진군 후포면 금음리 산259,300,공터,100,,20,129.39872300,36.66552800
620,경상북도,울진군,후포지구3,후포2리뒷산,경상북도 울진군 후포면 후포리 292,400,공터,200,,35,129.45721600,36.68434600
621,경상북도,울진군,후포지구2,후포2리마을고지대,경상북도 울진군 후포면 후포리 361-1,100,공터,280,,25,129.45891200,36.68382700
607,경상북도,울진군,금음지구3,구7번국도,경상북도 울진군 후포면 금음리 392,500,도로변,200,,20,129.42240800,36.64519000
40,부산광역시,서구,송도해수욕장 지구,송도초등학교 운동장,부산 서구 충무대로 25(암남동 313),1200,학교운동장,210,,20,129.01559370,35.07821400
41,부산광역시,서구,한진매립지 지구,송림공원,부산 서구 송도해변로 151(암남동 124-1),1500,공터,250,,11,129.02319740,35.07679300
42,부산광역시,서구,한진매립지 지구,암남동주민센터 주차장,부산 서구 충무대로 83(암남동 88-5),200,공터,370,,22,129.02095000,35.07989800
43,부산광역시,서구,암남공원 지구,암남공원,부산 서구 암남공원로 179-13(암남동 620-38),5000,공터,210,,16,129.02015100,35.06250000
37,부산광역시,서구,송도해수욕장 지구,송도 탑스빌 광장,부산 서구 암남동 261-2,200,도로변,160,,30,129.01840800,35.07822200
38,부산광역시,서구,송도해수욕장 지구,송도공원(식당) 주차장 앞 공터,부산 서구 암남공원로 75(암남동 618-8),250,공터,100,,35,129.01829780,35.07048400
39,부산광역시,서구,송도해수욕장 지구,송도해수욕장 공영주차장,부산 서구 암남공원로 25(암남동 579),1000,공공건축물,360,미적용,23,129.01571190,35.07372200
31,부산광역시,기장군,학리-이동지구,푸른솔유치원 앞 도로,부산 기장군 일광면 이화로 47-10,400,도로변,650,,18,129.23212600,35.27025900
32,부산광역시,남구,용호섶자리지구,동생말 언덕,부산 남구 용호동 산5-4,300,도로변,600,,25,129.11829900,35.12763200
33,부산광역시,사하구,다대1지구,몰운대공터,부산 사하구 다대동 469-2,1000,공터,250,,10,128.96947500,35.04487300
34,부산광역시,사하구,다대1지구,중현초등학교,부산 사하구 다대낙조2길 9,1438,학교운동장,755,,35,128.96651500,35.05072500
35,부산광역시,사하구,다대2지구,BMC아파트 테니스장,부산 사하구 다대2동 113-9,151,공터,818,,40,128.97890500,35.06455700
36,부산광역시,사하구,다대2지구,두송종합사회복지관앞주차장,부산 사하구 다송로 59,300,공터,656,,27,128.98422900,35.06195000
26,부산광역시,기장군,칠암-문동지구,칠암초등학교,부산 기장군 일광면 칠암리 134,300,공공건축물,200,1등급,11,129.25326100,35.29885500
27,부산광역시,기장군,학리-이동지구,이동마을 뒷산,부산 기장군 일광면 이천리 221-4,400,공터,500,,14,129.24201700,35.27344100
28,부산광역시,기장군,학리-이동지구,학리마을 뒷산 도로,부산 기장군 일광면 학리 176,300,공터,300,,23,129.24132900,35.25695500
29,부산광역시,기장군,학리-이동지구,한국유리 출입구 앞 도로,부산 기장군 일광면 일광로 188,80,도로변,200,,14,129.23956500,35.26654200
30,부산광역시,기장군,학리-이동지구,다미원수산 앞 도로,부산 기장군 일광면 일역길 75-13,200,도로변,150,,14,129.23210800,35.26131100
62,울산광역시,남구,장생포해안지구,태영인더스트리사택 앞 주차장,울산광역시 남구 야음장생포동 267-7,200,공터,360,,18,129.37452700,35.50564900
23,부산광역시,기장군,임랑지구,임랑야산(대덕사),부산 기장군 장안읍 임랑리 97-10,350,공터,400,,11,129.25866600,35.31862700
24,부산광역시,기장군,임랑지구,묘관음사 앞 도로,부산 기장군 장안읍 해맞이로 253-38,90,도로변,100,,10,129.26640300,35.32287800
25,부산광역시,기장군,칠암-문동지구,문동마을 뒷산,부산 기장군 일광면 문동리 산25-3,500,공터,600,,42,129.25457800,35.30781100
56,부산광역시,해운대구,송정지구,송정동행정복지센터,부산 해운대구 송정중앙로21번길 20,450,공공건축물,500,적용,7,129.20381770,35.18384333
57,울산광역시,남구,장생포해안지구,고래문화마을,울산광역시 남구 장생포동 232,30000,공터,280,,21,129.37952600,35.50538200
58,울산광역시,남구,장생포해안지구,울산항만공사,울산광역시 남구 매암동 180,100,공공건축물,100,특등급,14,129.38284300,35.50489700
59,울산광역시,남구,장생포해안지구,장생포복지문화센터,울산광역시 남구 야음장생포동 41-4,100,공공건축물,60,2등급,17,129.37757800,35.50288500
60,울산광역시,남구,장생포해안지구,장생포초등학교,울산광역시 남구 야음장생포동 329-1,500,학교운동장,140,,11,129.36825400,35.50348100
61,울산광역시,남구,장생포해안지구,장생포항 야산,울산광역시 남구 야음장생포동 산102-1,200,공터,250,,12,129.37126700,35.50270700
53,부산광역시,해운대구,해운대지구,해운대구청,부산 해운대구 중동2로 11,1000,공공건축물,520,적용,15,129.16385300,35.16324100
54,부산광역시,해운대구,해운대지구,해운대구관광시설관리사업소,부산 해운대구 중동 1415-48,100,공공건축물,50,적용,11,129.16038700,35.15926600
55,부산광역시,해운대구,송정지구,죽도공원,부산 해운대구 송정동 산52-1,1000,공터,100,,12,129.20538300,35.17945000
51,부산광역시,해운대구,해운대지구,달맞이고개,부산 해운대구 중동 974-1,1000,공터,590,,26,129.18229900,35.15686600
52,부산광역시,해운대구,해운대지구,동백공원,부산 해운대구 우동 710-1,5000,공터,460,,40,129.15193200,35.15358700
46,부산광역시,수영구,광안지구,광안초등학교,부산 수영구 광안동 154,850,학교운동장,450,,11,129.11678000,35.15741800
47,부산광역시,수영구,광안지구,한바다중학교,부산 수영구 광안동 154-1,918,학교운동장,445,,11,129.11808500,35.15741400
48,부산광역시,수영구,민락지구,백산,부산 수영구 민락동 327-2,1236,공터,650,,40,129.12616500,35.16278300
49,부산광역시,수영구,민락지구,민락초등학교,부산 수영구 광남로257번길 12,2199,학교운동장,600,,29,129.12710500,35.16094700
50,부산광역시,수영구,민락지구,민락동 행정복지센터,부산 수영구 광안해변로295번길 20,203,공공건축물,410,적용,12,129.12540800,35.15734400
44,부산광역시,수영구,남천지구,수영구청,부산 수영구 남천동 148-15,1731,공공건축물,410,적용,21,129.11341900,35.14592100
45,부산광역시,수영구,남천지구,코오롱하늘채아파트,부산 수영구 남천2동 남천동 151,16503,민간건축물,370,적용,28,129.11231300,35.14266300
81,울산광역시,북구,신명지구,지경IC,울산광역시 북구 신명동 산1-2,100,공터,150,,20,129.44786000,35.65100100
82,울산광역시,북구,정자지구,울산교육연수원,울산광역시 북구 정자동 272,400,공터,500,,16,129.44413700,35.61392400
83,울산광역시,북구,정자지구,울산인성교육센터,울산광역시 북구 정자동 321,400,공터,250,,11,129.44684300,35.61587700
84,울산광역시,북구,정자지구,벽산 블루밍아파트 주차장,울산광역시 북구 정자동 3,500,공터,100,,21,129.44759700,35.61994800
85,울산광역시,북구,정자지구,컴온비치호텔,울산광역시 북구 정자동 435,300,공터,100,,13,129.44570000,35.62136000
86,울산광역시,울주군,강양지구,만포횟집마당,울산광역시 울주군 온산읍 강양리 91-1,50,공터,200,,16,129.34724900,35.39129500
87,울산광역시,울주군,강양지구,야산(공터),울산광역시 울주군 온산읍 강양리 161,150,공터,210,,9,129.34526500,35.39363400
88,울산광역시,울주군,나사지구,서생중학교운동장,울산광역시 울주군 서생면 신암리 8-1,300,학교운동장,350,,15,129.33121400,35.35070600
77,울산광역시,북구,당사지구,튜릭아트박물관,울산광역시 북구 당사동 465-2,200,공터,150,,14,129.45464000,35.58187600
78,울산광역시,북구,산하지구,시코어 호텔 주차장,울산광역시 북구 산하동 55-1,200,공터,80,,11,129.44182800,35.63422000
79,울산광역시,북구,신명지구,교육수련원 운동장,울산광역시 북구 신명동 153-5,200,공터,150,,11,129.43944300,35.64135800
80,울산광역시,북구,신명지구,신명동 야산,울산광역시 북구 신명동 134-2,100,공터,230,,24,129.43922700,35.64442800
75,울산광역시,북구,당사지구,어물동 야산,울산광역시 북구 어물동 산372,300,공터,200,,15,129.44947700,35.57536700
76,울산광역시,북구,당사지구,우가경로당 주차장,울산광역시 북구 당사동 116-5,30,공터,70,,12,129.46293600,35.59577500
73,울산광역시,북구,구유지구,제전마을 야산,울산광역시 북구 구유동 82-3,200,공터,200,,20,129.45745100,35.60525400
74,울산광역시,북구,당사지구,강동축구장 주차장,울산광역시 북구 당사동 214,300,공터,300,,18,129.45646400,35.58770700
63,울산광역시,동구,방어지구(울산),방어진초등학교(운동장),울산광역시 동구 방어동 146,4557,학교운동장,500,,17,129.42476900,35.48742600
64,울산광역시,동구,방어지구(울산),성끝마을 수협위판장 뒤 야산,울산광역시 동구 방어동 18-32,4242,공터,150,,18,129.43208300,35.48440700
65,울산광역시,동구,방어지구(울산),화암초등학교(운동장),울산광역시 동구 방어동 1150,7963,학교운동장,300,,21,129.41568200,35.48436200
66,울산광역시,동구,일산지구,고늘마을 현대주차장 옆 공터,울산광역시 동구 일산동 305-4,2545,공터,160,,28,129.43449400,35.50186200
67,울산광역시,동구,일산지구,대왕암 앞 공영주차장,울산광역시 동구 일산동 901,5854,공터,170,,18,129.43403400,35.49056500
68,울산광역시,동구,일산지구,일산지 공영주차장,울산광역시 동구 일산동 963,5212,공터,230,,17,129.42874400,35.49461000
69,울산광역시,동구,주전지구,주전 카페 멍데이 뒤 야산,울산광역시 동구 주전동 14,3515,공터,200,,18,129.45291600,35.56697600
70,울산광역시,동구,주전지구,주전초등학교(운동장),울산광역시 동구 주전동 277,3939,학교운동장,90,,18,129.45683600,35.55787400
71,울산광역시,북구,구유지구,복성마을 야산,울산광역시 북구 구유동 산64,100,공터,150,,22,129.45514700,35.60787500
72,울산광역시,북구,구유지구,정자오피스텔 주차장,울산광역시 북구 구유동 232,300,공터,100,,12,129.45707000,35.61146700
97,울산광역시,울주군,진하지구,진하회관,울산광역시 울주군 서생면 진하리 255,100,공터,580,,6,129.34252600,35.38672100
98,울산광역시,울주군,평동지구,평동어촌계회관마당,울산광역시 울주군 서생면 대송리 67-2,120,공터,120,,10,129.35324600,35.35633500
99,울산광역시,울주군,평동지구,평동회관마당,울산광역시 울주군 서생면 대송리 77-2,50,공터,210,,12,129.35350300,35.35674900
100,강원도,강릉시,강릉항지구,송정해변 신도브래뉴아파트,강원도 강릉시 송정동 289,3500,민간건축물,350,1등급,6,128.93791300,37.77579600
101,강원도,강릉시,강릉항지구,죽도봉,강원도 강릉시 송정동 11-1,800,공터,200,,33,128.95155400,37.76976900
102,강원도,강릉시,강문지구,강릉교회,강원도 강릉시 초당동 134,3600,민간건축물,100,2등급,6,128.91624700,37.79331300
103,강원도,강릉시,강문지구,강릉고등학교,강원도 강릉시 초당동 70,8600,공공건축물,550,2등급,6,128.91686000,37.78781300
104,강원도,강릉시,경포지구,경포산장콘도,강원도 강릉시 경포동 50-2,800,민간건축물,300,1등급,23,128.90009800,37.80965400
127,강원도,강릉시,주문진해변지구,우일아파트 야산,강원도 강릉시 주문진읍 주문리 산96-1,900,공터,200,,24,128.82509900,37.90477100
89,울산광역시,울주군,나사지구,호소공원버스정류장,울산광역시 울주군 서생면 나사리 산15-6,200,도로변,200,,13,129.34341200,35.35694100
90,울산광역시,울주군,대송송정지구,간절곶해오름야영장 운동장,울산광역시 울주군 서생면 대송리 195,100,학교운동장,350,,23,129.35753500,35.35941000
91,울산광역시,울주군,대송송정지구,송정회관마당,울산광역시 울주군 서생면 대송리 335-6,50,공터,300,,23,129.35342300,35.36631000
92,울산광역시,울주군,대송송정지구,송정공원,울산광역시 울주군 서생면 대송리 339-29,150,공터,400,,30,129.35464400,35.36992300
93,울산광역시,울주군,신암지구,서생면사무소주차장,울산광역시 울주군 서생면 신암리 245-2,400,공터,250,,17,129.32638000,35.34992700
94,울산광역시,울주군,신암지구,소망교회주차장,울산광역시 울주군 서생면 신암리 324,100,공터,300,,17,129.31993000,35.34513300
95,울산광역시,울주군,신암지구,신암회관마당,울산광역시 울주군 서생면 신암리 454,100,공터,300,,12,129.32332700,35.34922600
96,울산광역시,울주군,진하지구,성동초등학교,울산광역시 울주군 서생면 서생리 387,500,공공건축물,520,1등급,9,129.34176300,35.38566700
120,강원도,강릉시,정동지구,메밀골동해막국수(정동진점),강원도 강릉시 강동면 정동진리 51-4,260,민간건축물,400,2등급,63,129.04094000,37.68101300
121,강원도,강릉시,정동지구,고성산,강원도 강릉시 강동면 정동진리 267-4번지,120,공터,200,,53,129.03378000,37.68960700
122,강원도,강릉시,정동지구,정동초등학교,강원도 강릉시 강동면 정동진리 184,160,공공건축물,300,1등급,10,129.03357400,37.68722100
123,강원도,강릉시,주문진항지구,주문진감리교회,강원도 강릉시 주문진읍 주문리 346-1,500,민간건축물,300,2등급,10,128.82637000,37.89389000
124,강원도,강릉시,주문진항지구,주문진성당,강원도 강릉시 주문진읍 교항리 산56,300,민간건축물,500,2등급,20,128.82192300,37.88527400
125,강원도,강릉시,주문진항지구,주영초등학교,강원도 강릉시 주문진읍 주문리 461,320,공공건축물,650,1등급,22,128.82670000,37.89799800
126,강원도,강릉시,주문진해변지구,소돌휴게소,강원도 강릉시 주문진읍 향호리 8-3,470,민간건축물,250,2등급,19,128.82936000,37.90503900
112,강원도,강릉시,안인지구,강인교회,강원도 강릉시 강동면 안인진리 270-18,150,민간건축물,600,2등급,12,128.98259100,37.72772700
113,강원도,강릉시,안인지구,봉화산,강원도 강릉시 강동면 안인진리 20-1,50,공터,300,,58,128.98695700,37.73665300
114,강원도,강릉시,안인지구,하시동2리 마을회관,강원도 강릉시 강동면 하시동리 56-1,100,공공건축물,900,2등급,27,128.97274500,37.73719300
115,강원도,강릉시,안인지구,노암동성당수련원,강원도 강릉시 강동면 안인진리 213-1,100,민간건축물,500,2등급,12,128.98612100,37.73075900
116,강원도,강릉시,영진항지구,육군1901부대 2대대,강원도 강릉시 연곡면 영진리 137,700,공터,300,,29,128.84753400,37.86688300
117,강원도,강릉시,옥계지구,기마봉 야산,강원도 강릉시 옥계면 금진리 96,2000,공터,300,,10,129.04846800,37.65544100
118,강원도,강릉시,옥계지구,옥계역,강원도 강릉시 옥계면 주수리 100,70,공공건축물,600,1등급,11,129.04971400,37.61689600
119,강원도,강릉시,옥계지구,한국여성수련원,강원도 강릉시 옥계면 금진리 464-1,6300,공공건축물,300,1등급,10,129.04622200,37.62953200
108,강원도,강릉시,동덕지구,강릉원주대학 해양생물연구교육센터,강원도 강릉시 사천면 사천진리 산5-3,5900,민간건축물,150,1등급,7,128.86217100,37.85055700
109,강원도,강릉시,사천뒷불지구,강릉성결교회 부설 진리수양관,강원도 강릉시 사천면 사천진리 산72-1,280,민간건축물,1100,1등급,10,128.86868300,37.84173700
110,강원도,강릉시,사천뒷불지구,장구바위 야산,강원도 강릉시 사천면 사천진리 1-3,300,공터,420,,10,128.87651700,37.83998300
111,강원도,강릉시,심곡지구,곰두리연수원,강원도 강릉시 강동면 심곡리 57,150,민간건축물,350,2등급,61,129.05097200,37.66727500
142,강원도,고성군,대진지구,대진초등학교 고지대,강원도 고성군 현내면 대진리 148,1700,학교운동장,214,,11,128.42367500,38.49705200
143,강원도,고성군,대진지구,명파교회 고지대,강원도 고성군 현내면 명파리 295-33,300,공터,562,,22,128.40132200,38.53731800
144,강원도,고성군,대진지구,현내면공설운동장 고지대,강원도 고성군 현내면 대진리 310,2000,공터,563,,14,128.41861000,38.50079700
145,강원도,고성군,문암지구,문암군부대앞산 고지대,강원도 고성군 죽왕면 문암진리 산1-8임,450,공터,95,,25,128.54804300,38.30344000
146,강원도,고성군,문암지구,문암진리앞산 고지대,강원도 고성군 죽왕면 문암진리 95-2임,300,공터,285,,15,128.54301800,38.30018000
147,강원도,고성군,문암지구,오호초등학교뒷산 고지대,강원도 고성군 죽왕면 삼포리 215-5임,200,공터,508,,13,128.53077900,38.31450600
105,강원도,강릉시,경포지구,현대아파트 앞 야산,강원도 강릉시 경포동 산10,2000,공터,800,,10,128.89958800,37.80132800
106,강원도,강릉시,경포지구,씨마크호텔,강원도 강릉시 강문동 274-1,700,민간건축물,100,1등급,26,128.91539400,37.79799200
107,강원도,강릉시,남항진지구,세인트컨벤션웨딩홀,강원도 강릉시 성덕동 42,1870,민간건축물,250,2등급,12,128.94970900,37.76512600
136,강원도,고성군,공현진지구,공현진초등학교 고지대,강원도 고성군 죽왕면 공현진리 334,700,공터,309,,12,128.50720800,38.35420800
137,강원도,고성군,공현진지구,송지호오토캠핑장뒷산 고지대,강원도 고성군 죽왕면 오봉리 12-2,200,공터,385,,17,128.51163500,38.34203100
138,강원도,고성군,교암지구,동광초등학교 운동장,강원도 고성군 토성면 교암리 86,500,공터,348,,11,128.54399100,38.28877500
139,강원도,고성군,교암지구,백촌복지회관 고지대,강원도 고성군 토성면 백촌리 123,50,공터,570,,10,128.54041700,38.29198300
140,강원도,고성군,교암지구,천학정야산 고지대,강원도 고성군 토성면 교암리 177-6임,200,공터,55,,15,128.54753400,38.28839100
141,강원도,고성군,대진지구,대진감리교회 고지대,강원도 고성군 현내면 대진리 189-1,300,공터,242,,34,128.42674800,38.49517200
129,강원도,고성군,가진지구,가진항뒷산 고지대,강원도 고성군 죽왕면 가진리 산16임,400,공터,69,,17,128.51080800,38.36811100
130,강원도,고성군,가진지구,동호리뒷산 고지대,강원도 고성군 간성읍 동호리 산10-3임,1170,공터,970,,22,128.47609500,38.39180200
131,강원도,고성군,거진지구,거성초등학교 고지대,강원도 고성군 거진읍 진리 180,1800,학교운동장,437,,29,128.45738300,38.45258000
132,강원도,고성군,거진지구,거진성황당 고지대,강원도 고성군 거진읍 거진리 10-6임,500,공터,138,,32,128.46241100,38.45047500
133,강원도,고성군,거진지구,거진정보공업고등학교 고지대,강원도 고성군 거진읍 거진리 432,1800,학교운동장,393,,10,128.45028100,38.44094800
134,강원도,고성군,거진지구,거진중학교 고지대,강원도 고성군 거진읍 봉평리 31-1,1500,학교운동장,628,,11,128.44769800,38.44708700
135,강원도,고성군,공현진지구,공현진교회 고지대,강원도 고성군 죽왕면 공현진리 85,50,공터,186,,20,128.50923400,38.35531700
166,강원도,동해시,노봉지구,노봉해수욕장내 야산,강원도 동해시 망상동 170-1,400,공터,100,,19,129.09816040,37.58828700
167,강원도,동해시,노봉지구,목재유통센터,강원도 동해시 망상동 721,400,공터,700,,28,129.09965500,37.58166600
168,강원도,동해시,망상지구,기곡마을입구,강원도 동해시 망상동 409-21,5000,공터,460,,24,129.08063300,37.59608400
128,강원도,고성군,가진지구,가진교회 고지대,강원도 고성군 죽왕면 가진리 123-3,300,공터,148,,12,128.50790900,38.37254000
160,강원도,고성군,천진지구,천진리뒷산(2) 고지대,강원도 고성군 토성면 천진리 산32임,450,공터,691,,16,128.55303200,38.25549500
161,강원도,고성군,초도지구,대진중고등학교 고지대,강원도 고성군 현내면 초도리 75,390,학교운동장,296,,15,128.43310600,38.48432800
162,강원도,고성군,초도지구,이승만별장 고지대,강원도 고성군 현내면 죽정리 산1-3임,50,공터,689,,20,128.43643400,38.47089500
163,강원도,고성군,초도지구,초도항뒷산 고지대,강원도 고성군 현내면 초도리 222-30,50,공터,151,,13,128.43065100,38.48851100
164,강원도,고성군,초도지구,화진포정보화마을 고지대,강원도 고성군 현내면 초도리 84임,130,공터,111,,30,128.43693100,38.48366700
165,강원도,동해시,노봉지구,노봉택지,강원도 동해시 망상동 14-5,400,공터,550,,27,129.10546370,37.58209100
154,강원도,고성군,아야진지구,아야진침례교회 고지대,강원도 고성군 토성면 아야진리 41,150,공터,95,,12,128.55515800,38.27222100
155,강원도,고성군,아야진지구,토성정수장 고지대,강원도 고성군 토성면 청간리 산36-3임,100,공터,379,,30,128.55479300,38.26518600
156,강원도,고성군,오호지구,삼포마을뒷산 고지대,강원도 고성군 죽왕면 삼포리 산55-1임,150,공터,442,,27,128.52929600,38.31504200
157,강원도,고성군,오호지구,오호교회 고지대,강원도 고성군 죽왕면 오호리 170,150,공터,236,,15,128.52514500,38.32920600
158,강원도,고성군,오호지구,죽왕초등학교뒷산 고지대,강원도 고성군 죽왕면 오호리 산39-1임,700,공터,442,,20,128.52273800,38.33069700
159,강원도,고성군,천진지구,천진리뒷산(1) 고지대,강원도 고성군 토성면 천진리 산3-1,300,공터,445,,18,128.55512900,38.25600500
190,강원도,동해시,추암지구,추암택지,강원도 동해시 추암동 23,500,도로변,500,,35,129.15724000,37.47670800
148,강원도,고성군,반암지구,반암리뒷산 고지대,강원도 고성군 거진읍 반암리 73-1 임,500,공터,325,,24,128.45912500,38.42331900
149,강원도,고성군,반암지구,반암초소 고지대,강원도 고성군 거진읍 반암리 53-1임,200,공터,183,,33,128.46112600,38.42309700
150,강원도,고성군,봉포지구,경동대학교 고지대,강원도 고성군 토성면 봉포리 306-3,1400,공터,649,,19,128.55646800,38.25159000
151,강원도,고성군,봉포지구,속초기상대 고지대,강원도 고성군 토성면 봉포리 111-3,150,공터,268,,18,128.56440400,38.25072800
152,강원도,고성군,아야진지구,아야진장로교회 고지대,강원도 고성군 토성면 청간리 2-1,150,공터,219,,16,128.55432100,38.26910000
153,강원도,고성군,아야진지구,아야진초등학교 고지대,강원도 고성군 토성면 아야진리 20,1600,학교운동장,413,,27,128.54959000,38.27337000
182,강원도,동해시,어달지구,어달마을내 도로,강원도 동해시 어달동 134-5,400,도로변,100,,12,129.11772500,37.56712600
183,강원도,동해시,어달지구,어달소공원,강원도 동해시 어달동 47,400,공터,280,,28,129.11862360,37.56548000
184,강원도,동해시,용정지구,감추사해안도로주차장,강원도 동해시 천곡동 78-1,30,공터,150,,27,129.12405100,37.51627400
185,강원도,동해시,천곡지구,가세마을야산,강원도 동해시 천곡동 1-4,100,공터,300,,22,129.12197100,37.52752800
186,강원도,동해시,천곡지구,법원삼거리옆 산책로,강원도 동해시 천곡동 818,100,공터,260,,18,129.11998400,37.52247200
187,강원도,동해시,추암지구,만경대,강원도 동해시 구미동 산53,50,공터,100,,31,129.13664100,37.48715400
188,강원도,동해시,추암지구,북평공단 소공원,강원도 동해시 구호동 249-1,200,공터,400,,13,129.15561700,37.47967300
189,강원도,동해시,추암지구,추암조각공원,강원도 동해시 추암동 477,400,공터,350,,11,129.15743420,37.47968200
174,강원도,동해시,"묵호,발한지구",일출공원,강원도 동해시 묵호진동 2-126,100,공터,50,,23,129.12004000,37.55507000
175,강원도,동해시,부곡지구,평릉공원,강원도 동해시 평릉동 102-2,100,공터,400,,22,129.11214700,37.53602400
176,강원도,동해시,부곡지구,하평 주차장,강원도 동해시 천곡동 84-1,50,공터,150,,13,129.11572890,37.53387800
177,강원도,동해시,어달지구,단병공입구,강원도 동해시 대진동 155-8,200,도로변,200,,24,129.11468400,37.57701700
178,강원도,동해시,어달지구,대진도로,강원도 동해시 대진동 196-4,300,도로변,100,,15,129.11259450,37.57983400
179,강원도,동해시,어달지구,동해비치호텔위 마을주차장,강원도 동해시 묵호진동 2-42,100,공터,100,,20,129.12071910,37.55787300
180,강원도,동해시,어달지구,바위섬횟집뒤 도로,강원도 동해시 어달동 11-11,100,도로변,100,,16,129.11891250,37.56073400
181,강원도,동해시,어달지구,선창횟집뒤,강원도 동해시 어달동 25,400,공터,90,,20,129.11922500,37.56286400
201,강원도,삼척시,상맹방1지구,국도굴다리옆공터,강원도 삼척시 근덕면 상맹방리 229-4,100,도로변,250,,13,129.20434500,37.40459900
202,강원도,삼척시,상맹방2지구,맹방초등학교,강원도 삼척시 근덕면 상맹방리 171-1,200,학교운동장,423,,15,129.21326800,37.39873900
169,강원도,동해시,망상지구,망상초등학교 옆,강원도 동해시 망상동 360-16,2000,공터,330,,10,129.08983500,37.59118900
170,강원도,동해시,망상지구,해군전적비,강원도 동해시 망상동 396-40,3000,공터,290,,17,129.08466150,37.59391000
171,강원도,동해시,"묵호,발한지구",논골도로,강원도 동해시 묵호진동 102-9,200,도로변,250,,29,129.11627070,37.55412600
172,강원도,동해시,"묵호,발한지구",묵호대교,강원도 동해시 발한동 80-303,300,도로변,300,,22,129.11097900,37.54144700
173,강원도,동해시,"묵호,발한지구",산제골도로,강원도 동해시 묵호진동 78-60,200,도로변,250,,30,129.11374700,37.55354300
195,강원도,삼척시,궁촌지구,공양왕릉,강원도 삼척시 근덕면 궁촌리 178,100,공터,536,,55,129.26635600,37.32613200
196,강원도,삼척시,궁촌지구,궁촌침례교회앞공터,강원도 삼척시 근덕면 궁촌리 393,100,공터,398,,32,129.26510900,37.32134600
197,강원도,삼척시,궁촌지구,금메달주유소뒷산,강원도 삼척시 근덕면 매원리 35-4,100,공터,650,,43,129.27140000,37.31666100
198,강원도,삼척시,노실지구,노실분교운동장,강원도 삼척시 원덕읍 노곡리 142-2,200,학교운동장,326,,25,129.34163200,37.20236500
199,강원도,삼척시,덕산지구,노인요양원앞공터,강원도 삼척시 근덕면 덕산리 36,100,공터,1150,,54,129.24698300,37.37856500
200,강원도,삼척시,덕산지구,솔바람민박앞공터,강원도 삼척시 근덕면 덕산리 291,150,공터,800,,19,129.24234300,37.38113400
213,강원도,삼척시,임원지구,남화산공원,강원도 삼척시 원덕읍 임원리 44,100,공터,835,,60,129.34740600,37.23137000
214,강원도,삼척시,임원지구,임원국도옆공터,강원도 삼척시 원덕읍 임원리 165,100,공터,435,,45,129.34168100,37.23073900
215,강원도,삼척시,임원지구,임원마을회관옆공터,강원도 삼척시 원덕읍 임원리 1208-52,150,공터,335,,35,129.34553800,37.23388700
216,강원도,삼척시,작진지구,작진마을진입공터,강원도 삼척시 원덕읍 노곡리 473-1,200,공터,287,,30,129.33717000,37.19627000
217,강원도,삼척시,장호지구,장호마을주차장,강원도 삼척시 근덕면 장호리 54-2,150,공터,511,,25,129.31871000,37.28517600
218,강원도,삼척시,장호지구,장호중학교뒤공터,강원도 삼척시 근덕면 장호리 201,200,공터,608,,30,129.31154300,37.28388100
219,강원도,삼척시,정라지구,감로사앞공터,강원도 삼척시 정상동 3-1,100,공터,368,,38,129.18381300,37.44060500
191,강원도,동해시,추암지구,하수종말처리장,강원도 동해시 구미동 산5-9,100,도로변,500,,31,129.14340190,37.49050500
192,강원도,동해시,추암지구,할미바위 옆 쉼터,강원도 동해시 구미동 산5-1,200,공터,400,,15,129.14544580,37.49077900
193,강원도,삼척시,갈남지구,갈남마을회관뒤공터,강원도 삼척시 원덕읍 갈남리 13-2,100,공터,391,,30,129.32605800,37.27810000
194,강원도,삼척시,갈남지구,갈남전망대,강원도 삼척시 원덕읍 갈남리 104-24,100,도로변,385,,32,129.32287200,37.28113700
231,강원도,삼척시,호산지구,원덕파출소뒤공터,강원도 삼척시 원덕읍 호산리 277,325,공터,300,,20,129.33845400,37.17494500
203,강원도,삼척시,신남지구,돌기해삼배양장,강원도 삼척시 원덕읍 갈남리 456-1,100,공터,321,,21,129.32346600,37.26589900
204,강원도,삼척시,신남지구,어촌민속전시관공원내,강원도 삼척시 원덕읍 갈남리 301,100,공터,351,,35,129.32722300,37.26804600
205,강원도,삼척시,오분지구,남초교뒷산,강원도 삼척시 오분동 산 55,80,공터,480,,41,129.18765900,37.42612500
206,강원도,삼척시,오분지구,오분마을회관뒤공터,강원도 삼척시 오분동 산 14-4,90,공터,460,,32,129.18959500,37.42776800
207,강원도,삼척시,오분지구,오분파출소뒷편,강원도 삼척시 오분동 228-5,80,공터,257,,39,129.18862000,37.43055000
208,강원도,삼척시,용화지구,성황당옆대로,강원도 삼척시 근덕면 용화리 298-1,100,도로변,615,,31,129.29819800,37.28868000
209,강원도,삼척시,용화지구,장호용화랜드앞공터,강원도 삼척시 근덕면 장호리 318-1,200,공터,548,,39,129.30859800,37.28688300
210,강원도,삼척시,용화지구,해망정공터,강원도 삼척시 근덕면 용화리 192-2,100,공터,175,,37,129.30344300,37.28853200
211,강원도,삼척시,용화지구,해상로프웨이,강원도 삼척시 근덕면 용화리 6,200,공공건축물,150,1등급,30,129.30821800,37.28912400
212,강원도,삼척시,월천지구,마을공터,강원도 삼척시 원덕읍 월천리 106,200,공터,377,,41,129.35545900,37.15661900
221,강원도,삼척시,정라지구,조각공원뒷산,강원도 삼척시 교동 85-2,100,공터,247,,27,129.18464800,37.45656000
222,강원도,삼척시,정라지구,척추동해비,강원도 삼척시 정상동 82-1,100,공터,508,,34,129.18448200,37.43559100
223,강원도,삼척시,증산지구,심심사앞공터,강원도 삼척시 교동 증산동 63,50,공터,164,,20,129.16106400,37.47300100
224,강원도,삼척시,증산지구,쏠비치주차장 1,강원도 삼척시 증산동 172,200,도로변,437,,40,129.16475900,37.47210100
225,강원도,삼척시,증산지구,이사부공원공터,강원도 삼척시 교동 증산동 1,200,공터,344,,32,129.15903200,37.47555900
226,강원도,삼척시,초곡지구,초곡마을입구,강원도 삼척시 근덕면 초곡리 406-11,100,공터,450,,16,129.28480400,37.31062000
227,강원도,삼척시,초곡지구,황영조기념관앞공터,강원도 삼척시 근덕면 초곡리 51,200,공터,463,,30,129.29473200,37.30736300
228,강원도,삼척시,하맹방지구,천주교 근처 공터,강원도 삼척시 근덕면 교가리 692-18,300,공터,830,,38,129.22253900,37.38010900
229,강원도,삼척시,하맹방지구,삼림욕장공터,강원도 삼척시 근덕면 하맹방리 221-7,300,공터,100,,15,129.22790800,37.39222800
230,강원도,삼척시,호산지구,빗물펌프장뒤공터,강원도 삼척시 원덕읍 호산리 299-7,200,도로변,473,,18,129.34284200,37.17348200
233,강원도,삼척시,후진지구,삼척MBC앞공터,강원도 삼척시 교동 갈천동 111,150,공터,261,,30,129.16311900,37.46338800
234,강원도,삼척시,후진지구,이사부사자공원뒷산,강원도 삼척시 증산동 1,150,공터,575,,37,129.15965100,37.47572600
235,강원도,삼척시,후진지구,쏠비치주차장 2,강원도 삼척시 갈천동 225,200,공터,580,,40,129.16374800,37.47126600
236,강원도,속초시,교동지구,설악중학교운동장,강원도 속초시 교동 780-5,2400,학교운동장,1200,,40,128.57843800,38.20668800
237,강원도,속초시,교동지구,속초교육문화관,강원도 속초시 금호동 488-2,220,공터,590,,34,128.58596800,38.20645800
238,강원도,속초시,교동지구,청학연립주차장고지대,강원도 속초시 교동 486-184,710,공터,350,,30,128.58497900,38.20319000
239,강원도,속초시,금호지구,(구)측후소고지대,강원도 속초시 금호동 469-41,500,공터,190,,30,128.59120000,38.20667300
240,강원도,속초시,금호지구,속초해랑중학교,강원도 속초시 금호동 625-37,1500,학교운동장,770,,32,128.58473900,38.20706400
241,강원도,속초시,금호지구,시청주차장고지대,강원도 속초시 금호동 469-1,200,공터,160,,22,128.59112800,38.20702100
242,강원도,속초시,노학지구,속초여자고등학교운동장,강원도 속초시 교동 802-1,2000,학교운동장,1230,,31,128.56800600,38.19976100
243,강원도,속초시,노학지구,아남프라자,강원도 속초시 교동 737-7,1800,민간건축물,460,1등급,50,128.57756700,38.19727500
220,강원도,삼척시,정라지구,정라마을회관뒤공터,강원도 삼척시 정하동 산 3-4,100,공터,548,,76,129.18737400,37.44232200
252,강원도,속초시,영랑지구,중앙공원고지대,강원도 속초시 속초시 동명동 산 51,3100,공터,580,,25,128.58508300,38.21527100
253,강원도,속초시,장사지구(속초),속초고등학교운동장,강원도 속초시 속초시 장사동 460,2670,학교운동장,460,,20,128.58369900,38.22571900
254,강원도,속초시,장사지구(속초),우림연립고지대,강원도 속초시 속초시 장사동 518-7,200,공터,380,,18,128.58519000,38.22650400
255,강원도,속초시,장사지구(속초),해경충혼탑고지대,강원도 속초시 속초시 장사동 482-3,300,공터,50,,41,128.58619300,38.22789300
256,강원도,속초시,조양지구,선사유적지고지대,강원도 속초시 속초시 조양동 산 142-8,1900,공터,460,,36,128.57095300,38.19019100
257,강원도,속초시,조양지구,설악고등학교운동장,강원도 속초시 속초시 조양동 589-7,3000,학교운동장,1150,,60,128.57341100,38.18552100
258,강원도,속초시,청호2지구,조양초등학교,강원도 속초시 속초시 동해대로 3965,1500,학교운동장,510,,11,128.59806600,38.18862900
259,강원도,속초시,청호1지구,금강대교,강원도 속초시 청호동 금강대교,500,도로변,160,,24,128.59360000,38.20490000
260,강원도,속초시,청호1지구,설악대교,강원도 속초시 청호동 설악대교,300,도로변,190,,24,128.59360500,38.20107100
261,강원도,속초시,청호2지구,이마트,강원도 속초시 청호동 459-134,500,민간건축물,520,1등급,24,128.59578600,38.19123800
232,강원도,삼척시,호산지구,호산항뒷산공터,강원도 삼척시 원덕읍 호산리 309,250,공터,350,,26,129.34153100,37.17480300
271,강원도,양양군,동산지구,동산리야산,강원도 양양군 현남면 동산리 58-1,100,공터,250,,25,128.75908500,37.98026500
272,강원도,양양군,동호지구,동호리공항도로,강원도 양양군 손양면 동호리 563-8,250,공터,500,,30,128.68250000,38.05138000
273,강원도,양양군,동호지구,동호리야산,강원도 양양군 손양면 산44,250,공터,250,,30,128.68222000,38.05527000
274,강원도,양양군,물치지구,물치리 야산,강원도 양양군 강현면 물치리 산12,300,공터,170,,15,128.60803900,38.15637100
275,강원도,양양군,설악지구,용호리 야산,강원도 양양군 강현면 용호리 산1-3,300,공터,100,,25,128.62035400,38.13425500
276,강원도,양양군,수산지구,수산리야산 1,강원도 양양군 손양면 산85-1,150,공터,200,,25,128.67277000,38.07638000
244,강원도,속초시,대포지구,내물치 뒷산 고지대,강원도 속초시 대포동 산 76-1,700,공터,110,,30,128.60557800,38.16871460
245,강원도,속초시,대포지구,대포초등학교운동장,강원도 속초시 대포동 350,800,학교운동장,140,,21,128.60380900,38.17378300
246,강원도,속초시,대포지구,할머니성황당고지대,강원도 속초시 대포동 대포항,1000,공터,90,,23,128.60465000,38.17142600
247,강원도,속초시,동명지구,동명성당고지대,강원도 속초시 동명동 333-3,500,공터,410,,39,128.59487700,38.21295300
248,강원도,속초시,동명지구,속초감리교회,강원도 속초시 동명동 338,1500,공터,450,,39,128.59401300,38.21234200
249,강원도,속초시,영랑지구,동명천주교회,강원도 속초시 동명동 332,180,공터,410,,39,128.59531400,38.21323400
250,강원도,속초시,영랑지구,양우아파트고지대,강원도 속초시 속초시 영랑동 157,300,공터,280,,21,128.59267200,38.21620000
251,강원도,속초시,영랑지구,영금공원고지대,강원도 속초시 속초시 영랑동 1-7,1670,공터,90,,38,128.59997500,38.21388000
266,강원도,양양군,낙산지구,전진리야산,강원도 양양군 강현면 전진리 산8-2,500,공터,150,,30,128.63022200,38.12265100
267,강원도,양양군,낙산지구,주청리야산,강원도 양양군 강현면 산6-1,500,공터,500,,20,128.62950300,38.11234200
268,강원도,양양군,남애지구,남애리 야산 1,강원도 양양군 현남면 남애리 1,200,공터,300,,30,128.78605200,37.94572300
269,강원도,양양군,남애지구,남애리 야산 2,강원도 양양군 현남면 남애리 1,200,공터,200,,25,128.78587600,37.94168200
270,강원도,양양군,남애지구,남애리 야산 3,강원도 양양군 현남면 남애리 1,200,공터,300,,25,128.78625800,37.94546200
281,강원도,양양군,"인구,광진지구",천주교야산,강원도 양양군 현남면 시변리 41-7,100,공터,300,,20,128.75965500,37.97041600
282,강원도,양양군,정암지구,정암리 야산,강원도 양양군 강현면 정암리 산64-2,200,공터,300,,20,128.61500000,38.13722000
283,강원도,양양군,"지경,원포지구",원포야산,강원도 양양군 현남면 산78,100,공터,300,,20,128.79333000,37.92666000
284,강원도,양양군,"지경,원포지구",지경야산,강원도 양양군 현남면 산 1,100,공터,500,,15,128.79888000,37.91694000
285,강원도,양양군,하광정지구,하광정리 야산,강원도 양양군 현북면 하광정리 산19,500,공터,350,,30,128.73000000,38.01722000
286,경상북도,포항시남구,강사1지구,벤트풀빌라 옆,경상북도 포항시 남구 호미곶면 강사리 212-1,50,공터,250,,18,129.57800600,36.03603700
287,경상북도,포항시남구,강사2지구,강사교회 앞 공터,경상북도 포항시 남구 호미곶면 강사리 437-4,64,공터,600,,19,129.57654000,36.04719900
288,경상북도,포항시남구,강사2지구,해송모텔 앞,경상북도 포항시 남구 호미곶면 강사리 756-5,11,공터,570,,18,129.57622100,36.05511900
289,경상북도,포항시남구,계원지구,세계원 횟집 앞,경상북도 포항시 남구 장기면 계원리 324,1011,공터,240,,14,129.52532800,35.86150100
290,경상북도,포항시남구,계원지구,등대회식당 버스승강장,경상북도 포항시 남구 장기면 계원리 26-3,1500,공터,278,,32,129.53004640,35.86825300
291,경상북도,포항시남구,구룡포지구,구룡포 초등학교 앞,경상북도 포항시 남구 구룡포읍 구룡포리 765-1,30,학교운동장,130,,8,129.55286710,35.98996000
292,경상북도,포항시남구,구룡포지구,구룡포중학교 앞,경상북도 포항시 남구 구룡포읍 구룡포리 199-47,30,학교운동장,260,,8,129.56699200,35.99063100
293,경상북도,포항시남구,구룡포지구,충혼탑 앞,경상북도 포항시 남구 구룡포읍 구룡포리 382-7,330,공터,100,,15,129.56080330,35.99110700
262,강원도,속초시,청호3지구,(구)대포정수장고지대,강원도 속초시 대포동 산 44,600,공터,580,,60,128.59995900,38.17910800
263,강원도,속초시,청호3지구,수질환경사업소고지대,강원도 속초시 대포동 552,630,공터,50,,18,128.60605700,38.18450700
264,강원도,속초시,청호3지구,조양감리교회고지대,강원도 속초시 조양동 1289-15,1000,공터,500,,25,128.60246700,38.18397100
265,강원도,양양군,기사문지구,기사문리철뚝,강원도 양양군 현북면 산54-2,300,공터,350,,25,128.73111000,38.00555000
298,경상북도,포항시남구,구평지구,건물 입구 공터,경상북도 포항시 남구 구룡포읍 구평리 112,89,공터,425,,26,129.53365400,35.94444600
299,경상북도,포항시남구,대동배지구,대동배1리마을뒷산,경상북도 포항시 남구 호미곶면 대동배리 359,77,공터,320,,23,129.53448820,36.05840300
300,경상북도,포항시남구,대동배지구,대동배1리보건진료소 앞,경상북도 포항시 남구 호미곶면 대동배리 420-3,80,공터,575,,13,129.53134200,36.05559100
301,경상북도,포항시남구,대동배지구,대동배2리마을 뒤,경상북도 포항시 남구 호미곶면 대동배리 산26-6,70,공터,400,,14,129.53726410,36.06574600
302,경상북도,포항시남구,대동배지구,대동배2리버스승강장앞,경상북도 포항시 남구 호미곶면 대동배리 48-2,50,공터,100,,23,129.54072020,36.06488000
303,경상북도,포항시남구,도구지구,동해초등학교 앞,경상북도 포항시 남구 동해면 도구리 670,267,학교운동장,535,,10,129.44063590,35.98822100
277,강원도,양양군,수산지구,수산리야산 2,강원도 양양군 손양면 전20-2,150,공터,200,,25,128.67472000,38.07333000
278,강원도,양양군,오산지구,오산리야산,강원도 양양군 손양면 오산리 23-17,500,공터,100,,25,128.66482300,38.08923500
279,강원도,양양군,"인구,광진지구",광진리야산,강원도 양양군 현남면 광진리 35,100,공터,100,,15,128.76804100,37.95933700
280,강원도,양양군,"인구,광진지구",인구야산,강원도 양양군 현남면 111,100,공터,300,,25,128.76530830,37.95220600
306,경상북도,포항시남구,모포지구,대진주유소 앞,경상북도 포항시 남구 장기면 대진리 87-3,58,공터,500,,14,129.51735400,35.92300700
307,경상북도,포항시남구,모포지구,모포초등학교 앞,경상북도 포항시 남구 장기면 모포리 94-2,50,학교운동장,470,,15,129.52302620,35.93445000
308,경상북도,포항시남구,발산지구,발산2리 마을뒤 공터,경상북도 포항시 남구 동해면 발산리 116-4,30,공터,200,,25,129.51913470,36.04500900
309,경상북도,포항시남구,발산지구,발산교회 옆 공터,경상북도 포항시남구 동해면 발산리 376-4,31,공터,390,,17,129.50753760,36.03335700
310,경상북도,포항시남구,병포지구,경북대수련원 앞 공터,경상북도 포항시남구 구룡포읍 하정리 31-3,50,공터,760,,15,129.55075520,35.97525600
311,경상북도,포항시남구,병포지구,"구, 포항과학기술고등학교 앞",경상북도 포항시남구 구룡포읍 병포리 139-1,50,학교운동장,160,,35,129.55091250,35.98320300
312,경상북도,포항시남구,삼정지구,MGM 그랜드모텔 앞,경상북도 포항시남구 구룡포읍 삼정리 485-3,400,공터,700,,18,129.56847300,36.00018500
313,경상북도,포항시남구,삼정지구,우리수산 앞,경상북도 포항시 남구 구룡포읍 석병리 904-2,400,공터,390,,28,129.57650600,36.01461800
314,경상북도,포항시남구,삼정지구,삼정2리 버스승강장 앞,경상북도 포항시남구 구룡포읍 삼정리 148-50,200,공터,1150,,12,129.57439060,36.00541900
294,경상북도,포항시남구,구룡포지구,해은사 앞,경상북도 포항시 남구 구룡포읍 구룡포리 94-14,400,공터,160,,12,129.56504570,35.99695200
295,경상북도,포항시남구,구룡포지구,한빛수산 입구 도로,경상북도 포항시 남구 구룡포읍 구룡포리 331-18,270,공터,260,,15,129.56536300,35.99469500
296,경상북도,포항시남구,구만지구,구만리 389-1 주변,경상북도 포항시 남구 호미곶면 구만리 389-1,185,공터,430,,28,129.55080836,36.08135600
297,경상북도,포항시남구,구만지구,호미곶팬션 앞,경상북도 포항시 남구 호미곶면 구만리 491-7,50,공터,500,,9,129.54803360,36.08461100
322,경상북도,포항시남구,신창지구,황제노래연습장 앞,경상북도 포항시남구 장기면 신창리 479-4,97,공터,300,,16,129.52665200,35.88522600
323,경상북도,포항시남구,양포지구,신창리 400-1앞 도로 옆 공터,경상북도 포항시남구 장기면 신창리 400-1,1800,공터,770,,23,129.52696100,35.88416700
324,경상북도,포항시남구,양포지구,양포초등학교 앞,경상북도 포항시남구 장기면 양포리 487-18,82,학교운동장,586,,9,129.51309800,35.87631000
325,경상북도,포항시남구,영암지구,영암리 버스승강장 앞,경상북도 포항시남구 장기면 영암리 101-2,265,공터,315,,13,129.52599940,35.90406700
326,경상북도,포항시남구,영암지구,백경오토캠핑장 앞,경상북도 포항시남구 장기면 영암리 344-2,265,학교운동장,420,,17,129.52541000,35.90975500
304,경상북도,포항시남구,두원지구,두원리 버스승강장 앞,경상북도 포항시 남구 장기면 두원리 523-15,100,공터,193,,6,129.51582800,35.84356000
305,경상북도,포항시남구,두원지구,두원주유소 앞,경상북도 포항시 남구 장기면 두원리 57-1,1500,공터,425,,19,129.51811400,35.84891000
340,경상북도,포항시남구,흥환지구,마산리 마을 뒤 공터,경상북도 포항시 남구 동해면 마산리 68-6,55,공터,275,,19,129.48929700,36.01545100
341,경상북도,포항시남구,흥환지구,마산리 버스승강장 앞 공터,경상북도 포항시 남구 동해면 마산리 69-5,50,공터,230,,22,129.48945400,36.01514300
327,경상북도,포항시남구,임곡지구,임곡1리 버스승강장 앞,경상북도 포항시 남구 동해면 임곡리 576-6,40,공터,200,,23,129.45740100,35.99417300
328,경상북도,포항시남구,임곡지구,청룡회관 입구,경상북도 포항시남구 동해면 임곡리 310-2,41,공터,540,,32,129.46122700,36.00021200
329,경상북도,포항시남구,입암지구,카페마레 옆 공터,경상북도 포항시남구 동해면 입암리 652-2,21,공터,220,,20,129.46684470,36.00738400
330,경상북도,포항시남구,입암지구,입암2리마을회관 앞 공터,경상북도 포항시남구 동해면 입암리 425-1,20,공터,180,,15,129.47694780,36.01327800
331,경상북도,포항시남구,청림지구,청림초등학교 앞,경상북도 포항시남구 청림동 934-6,500,학교운동장,2100,,9,129.40428590,35.99441500
315,경상북도,포항시남구,삼정지구,포스코수련원 앞,경상북도 포항시남구 구룡포읍 삼정리 95-3,80,공터,390,,11,129.57654080,36.00939700
316,경상북도,포항시남구,석병지구,구룡포청소년회관 앞,경상북도 포항시남구 구룡포읍 석병리 250,60,공터,670,,43,129.57412000,36.02932500
317,경상북도,포항시남구,석병지구,대성수산 입구 앞,경상북도 포항시남구 구룡포읍 석병리 20-1,179,공터,500,,18,129.57914410,36.03133000
318,경상북도,포항시남구,석병지구,석병교회 옆,경상북도 포항시남구 구룡포읍 석병리 640-2,130,공터,670,,29,129.57743100,36.02115600
319,경상북도,포항시남구,송도2지구,송도초등학교,경상북도 포항시남구 송도동 311-285,500,학교운동장,540,,6,129.37990200,36.03370500
320,경상북도,포항시남구,신창지구,부산돼지국밥 옆,경상북도 포항시남구 장기면 신창리 237-2,70,공터,200,,10,129.52323200,35.89241800
321,경상북도,포항시남구,신창지구,신창리 산15-1 공터,경상북도 포항시남구 장기면 신창리 66-2,179,공터,215,,35,129.52596970,35.90109700
350,경상북도,포항시북구,방석지구,조사리버스승강장 앞,경상북도 포항시 북구 송라면 조사리 71-12,293,공터,260,,13,129.38448000,36.22239100
351,경상북도,포항시북구,방어지구(포항),방어침례교회 앞,경상북도 포항시 북구 청하면 방어리 122,200,공터,170,,12,129.38144500,36.21190700
352,경상북도,포항시북구,방어지구(포항),월포백번횟집앞,경상북도 포항시 북구 청하면 방어리 산16,200,공터,690,,12,129.37663300,36.20870500
332,경상북도,포항시남구,청림지구,해병대 북문 주변,경상북도 포항시 남구 일월동 675-1,150,공터,975,,12,129.41527400,35.99407600
333,경상북도,포항시남구,하정지구,장길리교회 앞,경상북도 포항시 남구 구룡포읍 장길리 108-3,89,공터,320,,16,129.54539600,35.95441500
334,경상북도,포항시남구,하정지구,하정리 269번지 도로,경상북도 포항시 남구 구룡포읍 하정리 269,401,도로변,710,,12,129.54679680,35.96535300
335,경상북도,포항시남구,하정지구,하정축양장 앞 공터,경상북도 포항시 남구 구룡포읍 하정리 115-2,350,공터,670,,12,129.55263300,35.97075900
336,경상북도,포항시남구,호미곶지구,대보초등학교 앞,경상북도 포항시 남구 호미곶면 구만리 123,500,학교운동장,485,,9,129.55750160,36.07825700
337,경상북도,포항시남구,호미곶지구,대보1교차로 앞,경상북도 포항시 남구 대보면 대보리 14-9,53,공터,335,,15,129.57006200,36.06507100
338,경상북도,포항시남구,호미곶지구,해맞이광장입구 버스승강장,경상북도 포항시 남구 호미곶면 대보리 295-2,40,공터,180,,13,129.56459700,36.07627700
339,경상북도,포항시남구,호미곶지구,호미곶면사무소 앞,경상북도 포항시 남구 호미곶면 구만리 47-7,15,공터,610,,22,129.55562230,36.08065000
355,경상북도,포항시북구,오도지구,오도해수욕장 입구,경상북도 포항시 북구 흥해읍 오도리 359-3,48,공터,220,,20,129.39839600,36.15410900
356,경상북도,포항시북구,오도지구,작은펜션 앞 공터,경상북도 포항시 북구 흥해읍 오도리 543,40,공터,570,,34,129.39612800,36.15731100
357,경상북도,포항시북구,용두지구,오션뷰 펜션 앞,경상북도 포항시 북구 청하면 용두리 49-2,160,공터,395,,15,129.36947500,36.19466700
358,경상북도,포항시북구,용한지구,용한1리 마을입구,경상북도 포항시 북구 흥해읍 용한리 산 41-1,21,공터,200,,31,129.42661220,36.11002700
359,경상북도,포항시북구,월포지구,월포다리,경상북도 포항시 북구 청하면 월포리 3-18,500,공공건축물,650,여,10,129.37262100,36.20788300
360,경상북도,포항시북구,월포지구,월포초교 뒷뜰앞,경상북도 포항시 북구 청하면 용두리 481-2,506,공터,650,,14,129.36735800,36.20340700
361,경상북도,포항시북구,이가지구,이가리 산68-3 일원,경상북도 포항시 북구 청하면 이가리 산68-3,200,공터,230,,23,129.37866200,36.18775100
362,경상북도,포항시북구,이가지구,이가힐펜션 앞,경상북도 포항시 북구 청하면 이가리 911,120,공터,450,,20,129.38389170,36.18375200
342,경상북도,포항시남구,흥환지구,흥환리 마을회관 뒷산,경상북도 포항시 남구 동해면 흥환리 314,100,공터,140,,11,129.50414770,36.02639300
343,경상북도,포항시남구,흥환지구,흥환주유소 옆 공터,경상북도 포항시 남구 동해면 흥환리 442-3,30,공터,515,,22,129.50683600,36.02426600
344,경상북도,포항시북구,곡강지구,곡강3리 마을뒷편 공터,경상북도 포항시 북구 흥해읍 곡강리 산87,20,공터,500,,14,129.39881900,36.12762100
345,경상북도,포항시북구,곡강지구,칠포해수욕장위부대앞,경상북도 포항시 북구 흥해읍 칠포리 산109-10,8,공터,400,,36,129.39647500,36.13270400
346,경상북도,포항시북구,두호지구,두호1어린이공원,경상북도 포항시 북구 두호동 1084-2,100,공터,1150,,14,129.38118400,36.06455500
347,경상북도,포항시북구,두호지구,포항고등학교 앞,경상북도 포항시 북구 학산동 288,500,학교운동장,1130,,19,129.37064180,36.05634300
348,경상북도,포항시북구,두호지구,학산5어린이공원,경상북도 포항시 북구 항구동 344-6,100,공터,330,,20,129.37524400,36.05692000
349,경상북도,포항시북구,방석지구,1박2일펜션 앞,경상북도 포항시 북구 송라면 방석리 104,280,공터,200,,23,129.38164800,36.23463800
364,경상북도,포항시북구,죽천지구,죽천초등학교 앞,경상북도 포항시 북구 흥해읍 우목리 105,200,학교운동장,200,,22,129.42761130,36.09724300
365,경상북도,포항시북구,죽천지구,해뜨는집 앞 공터,경상북도 포항시 북구 흥해읍 죽천리 173-16,90,공터,730,,30,129.41755010,36.08860500
366,경상북도,포항시북구,지경지구,지경검문소 앞 공터,경상북도 포항시 북구 송라면 지경리 199-1,130,공터,160,,14,129.37436800,36.26329500
367,경상북도,포항시북구,지경지구,화진교 옆 공터,경상북도 포항시 북구 송라면 지경리 621,50,공터,445,,9,129.37046100,36.25009800
368,경상북도,포항시북구,지경지구,화진휴게소 입구,경상북도 포항시 북구 송라면 지경리 342-6,140,공터,280,,19,129.37169800,36.25354200
369,경상북도,포항시북구,청진지구,선정마을입구 앞,경상북도 포항시 북구 청하면 청진리 309,80,공터,600,,27,129.39281600,36.17461500
370,경상북도,포항시북구,청진지구,스타팜펜션 앞 공터,경상북도 포항시 북구 청하면 청진리 413-1,50,공터,170,,20,129.39628900,36.17027000
371,경상북도,포항시북구,청진지구,청진1리 GS주유소 앞,경상북도 포항시 북구 청하면 청진리 78,70,공터,260,,30,129.39046600,36.17905900
353,경상북도,포항시북구,송도1지구,포항시립아트홀 앞,경상북도 포항시 북구 덕산동 129-1,200,공터,1560,,13,129.36701060,36.04085300
354,경상북도,포항시북구,오도지구,사방기념관 입구,경상북도 포항시 북구 흥해읍 오도리 87,40,공터,330,,18,129.39793900,36.16342800
378,경상북도,포항시북구,환여지구,환호 여중 앞,경상북도 포항시 북구 환호동 69,370,학교운동장,350,,14,129.40075930,36.07108600
379,경상북도,포항시북구,환여지구,환호동해맞이공원,경상북도 포항시 북구 환호동 323-3,570,공터,560,,14,129.39545170,36.06822800
380,경상북도,경주시,감포지구,감포읍 버스공용주차장,경상북도 경주시 감포읍 전동리 115,500,공터,600,,30,129.49659600,35.80342200
381,경상북도,경주시,감포지구,감포읍 주민복지회관,경상북도 경주시 감포읍 천촌리 221,500,공공건축물,500,2등급,20,129.49369200,35.79854800
382,경상북도,경주시,감포지구,감포읍사무소,경상북도 경주시 감포읍 감포리 56-1,100,공공건축물,170,미적용,15,129.50167600,35.80739600
383,경상북도,경주시,감포지구,감포초등학교,경상북도 경주시 감포읍 감포리 16,1300,학교운동장,300,,15,129.50201900,35.80959800
384,경상북도,경주시,관성지구,바다모텔 옆 야산,경상북도 경주시 양남면 수렴리 산85-5,200,공터,120,,15,129.45090000,35.65906000
385,경상북도,경주시,관성지구,통일로 토종순대국,경상북도 경주시 양남면 수렴리 94-9,500,공터,150,,15,129.46290700,35.66740600
386,경상북도,경주시,관성지구,현대자동차 수련원,경상북도 경주시 양남면 수렴리 240-6,1000,공터,300,,20,129.45860000,35.66864000
387,경상북도,경주시,나아지구,나산초등학교,경상북도 경주시 양남면 읍천리 17,1000,학교운동장,400,,15,129.47030000,35.69788000
388,경상북도,경주시,나정지구,나정1리 마을회관 앞 야산,경상북도 경주시 감포읍 나정리 203,500,공터,180,,15,129.49110500,35.77870100
389,경상북도,경주시,나정지구,나정2리 마을회관 뒤 솔밭,경상북도 경주시 감포읍 나정리 223-2,1000,공터,150,,20,129.49294600,35.77764400
390,경상북도,경주시,나정지구,시드니 낚시마트 뒤 야산,경상북도 경주시 감포읍 천촌리 105-2,1000,공터,100,,40,129.49489400,35.79270300
363,경상북도,포항시북구,죽천지구,죽천마을입구 앞 버스정류장,경상북도 포항시 북구 흥해읍 죽천리 711-1,80,공터,400,,16,129.41768450,36.09123500
398,경상북도,경주시,오류지구,감포리조트펜션 주차장,경상북도 경주시 감포읍 오류리 137,500,공터,130,,12,129.51843000,35.83817300
399,경상북도,경주시,오류지구,감포중·고등학교,경상북도 경주시 감포읍 오류리 478-2,1300,학교운동장,350,,20,129.50675900,35.81077100
400,경상북도,경주시,오류지구,일출빌라 뒤 야산,경상북도 경주시 감포읍 오류리 326-2,1000,공터,200,,20,129.51095700,35.81621200
401,경상북도,경주시,읍천지구,읍천1리 마을회관 뒤 솔밭,경상북도 경주시 양남면 읍천리 산54,3000,공터,140,,20,129.47253600,35.69067200
402,경상북도,경주시,하서지구,양남중학교 운동장,경상북도 경주시 양남면 하서리 651,1000,학교운동장,400,,15,129.46015400,35.67386500
403,경상북도,경주시,하서지구,카리브모텔 뒤 야산,경상북도 경주시 양남면 하서리 195-1,1000,공터,150,,20,129.47010000,35.68226000
404,경상북도,영덕군,강구지구,대게축구장입구,경상북도 영덕군 강구면 강영로 16-111,500,공터,300,,40,129.38971000,36.36233600
405,경상북도,영덕군,강구지구,미혜식당뒤,경상북도 영덕군 강구면 영덕대게로 143-9,400,공터,65,,31,129.39269000,36.36193400
406,경상북도,영덕군,강구지구,수협창고뒤,경상북도 영덕군 강구면 강구길 20-6,400,공터,400,,36,129.38587500,36.35996500
407,경상북도,영덕군,거무역지구,7번국도변(거무역),경상북도 영덕군 병곡면 아실길 9,100,공터,480,,24,129.39971400,36.57654200
408,경상북도,영덕군,거무역지구,학생해양수련원,경상북도 영덕군 병곡면 고래불로 201,500,공터,100,,21,129.41250000,36.57863700
372,경상북도,포항시북구,칠포1지구,칠포1리 고지대,경상북도 포항시 북구 흥해읍 칠포리 54-4,70,공터,250,,22,129.39680600,36.14561900
373,경상북도,포항시북구,칠포2지구,칠포2주유소 앞 공터,경상북도 포항시 북구 흥해읍 칠포리 265-1,34,공터,230,,16,36.14083600,129.39243500
374,경상북도,포항시북구,화진지구,화진1리 버스정류장 옆,경상북도 포항시 북구 송라면 화진리 261-1,210,공터,600,,24,129.38239800,36.23657900
375,경상북도,포항시북구,화진지구,화진2리 화진비치펜션 앞,경상북도 포항시 북구 송라면 화진리 180-1,208,공터,400,,21,129.38191600,36.23931200
376,경상북도,포항시북구,환여지구,포항해양과학고 앞,경상북도 포항시 북구 환호동 2-8,200,학교운동장,730,,22,129.40616600,36.07405900
377,경상북도,포항시북구,환여지구,해안로511번길10,경상북도 포항시 북구 여남동 97,150,공터,160,,23,129.41318500,36.07348900
422,경상북도,영덕군,금곡2지구,구국도변 공터 2,경상북도 영덕군 병곡면 군지경로 92,80,공터,300,,35,129.42062100,36.64205100
423,경상북도,영덕군,금진1지구,대구대학교연수원,경상북도 영덕군 강구면 번영길 235,500,공터,80,,22,129.40311900,36.37981900
424,경상북도,영덕군,금진1지구,마을뒷산(금진),경상북도 영덕군 강구면 영덕대게로 405,100,공터,50,,23,129.40510000,36.38193700
425,경상북도,영덕군,금진2지구,금진택지입구,경상북도 영덕군 강구면 금진길 14-4,200,공터,180,,22,129.39382600,36.36612400
426,경상북도,영덕군,금진2지구,소하민박뒤,경상북도 영덕군 강구면 영덕대게로 229-10,50,공터,70,,20,129.39527400,36.36919700
391,경상북도,경주시,나정지구,전촌1리 마을회관,경상북도 경주시 감포읍 천촌리 532-1,50,공공건축물,550,미적용,15,129.48836900,35.79285300
392,경상북도,경주시,대본지구,감포관광단지 주차장,경상북도 경주시 감포읍 대본리 1247,3000,공터,100,,15,129.49246900,35.76335100
393,경상북도,경주시,대본지구,대본3리 마을회관 앞 공터,경상북도 경주시 감포읍 대본리 606-6,50,공터,100,미적용,15,129.48594200,35.74660970
394,경상북도,경주시,대본지구,대본초등학교,경상북도 경주시 감포읍 대본리 671,200,학교운동장,100,,15,129.48383900,35.74502000
395,경상북도,경주시,대본지구,전망대횟집 앞 야산,경상북도 경주시 감포읍 대본리 산172-2,1000,공터,100,,15,129.49147000,35.75258700
396,경상북도,경주시,봉길지구,수재마을소공원,경상북도 경주시 양북면 봉길리 58-6,100,공터,300,,10,129.48179100,35.73621200
397,경상북도,경주시,오류지구,감포댐 입구,경상북도 경주시 감포읍 오류리 산14-81,1000,공터,150,,12,129.51199700,35.83685500
442,경상북도,영덕군,대탄지구,대탄갈릴리교회 뒤,경상북도 영덕군 영덕읍 대탄길 14-5,130,공터,330,,10,129.43090274,36.43558796
443,경상북도,영덕군,덕천지구,영덕경찰수련원,경상북도 영덕군 병곡면 영덕로 2108-152,300,공터,500,,20,129.41694300,36.56880200
444,경상북도,영덕군,백석1지구,철암산 1,경상북도 영덕군 병곡면 백석길 25,300,공터,400,,56,129.40923900,36.62097800
445,경상북도,영덕군,백석1지구,철암산 2,경상북도 영덕군 병곡면 백석길 11-12,300,공터,400,,56,129.40973900,36.61901400
446,경상북도,영덕군,백석2지구,7번국도변(백석지구),경상북도 영덕군 병곡면 동해대로 7686,300,공터,300,,59,129.39968200,36.57653400
447,경상북도,영덕군,백석2지구,동해안휴게소,경상북도 영덕군 병곡면 동해대로 7656,300,공터,300,,59,129.41093400,36.62349400
427,경상북도,영덕군,금진2지구,풍성호뒤,경상북도 영덕군 강구면 영덕대게로 221-16,50,공터,70,,20,129.39446900,36.36864800
428,경상북도,영덕군,남호지구,남호승강장,경상북도 영덕군 남정면 남호리 119-2,100,공터,120,,30,129.37377800,36.33340100
429,경상북도,영덕군,남호지구,웰빙문화테마마을입구,경상북도 영덕군 남정면 동해대로 4165-17,70,공터,600,,28,129.37751708,36.32953985
430,경상북도,영덕군,노물지구,경노회관뒤 골목,경상북도 영덕군 영덕읍 노물길 11-8,25,공터,140,,48,129.43436200,36.44647100
409,경상북도,영덕군,경정1지구,경정교회 뒷산,경상북도 영덕군 축산면 경정1길 24-9,200,공터,350,,30,129.43171600,36.48488200
410,경상북도,영덕군,경정1지구,경정해수욕장 뒷산,경상북도 영덕군 축산면 경정2길 3,100,공터,100,,25,129.43280300,36.48261500
411,경상북도,영덕군,경정1지구,축산항초등학교 경정분교뒤 공터,경상북도 영덕군 축산면 경정길 17,200,학교운동장,350,,20,129.43365700,36.48608600
412,경상북도,영덕군,경정2지구,태흥모텔 앞 공터,경상북도 영덕군 축산면 영덕대게로 1861,250,공터,150,,30,129.44288300,36.49365200
413,경상북도,영덕군,경정3지구,경정석산(버스승강장),경상북도 영덕군 축산면 고경길 256,100,도로변,200,,35,129.43181400,36.47509300
414,경상북도,영덕군,구계지구,구계승강장,경상북도 영덕군 남정면 남정면 동해대로 4048,200,도로변,120,,30,129.37969700,36.32054500
415,경상북도,영덕군,구계지구,마을뒷산,경상북도 영덕군 남정면 남정면 구계리 319-1,220,공터,220,,20,129.37850000,36.32090000
416,경상북도,영덕군,구계지구,w펜션(구.아이씨프라자),경상북도 영덕군 남정면 남정면 동해대로 4000,150,공터,50,,30,129.37851400,36.31657200
417,경상북도,영덕군,구계지구,제당뒷산,경상북도 영덕군 남정면 남정면 구계리 253-2,310,공터,310,,25,129.37850000,36.32090000
418,경상북도,영덕군,금곡1지구,금곡1서낭당,경상북도 영덕군 병곡면 거무실2길 25-23,150,공터,600,,28,129.40885900,36.64228600
419,경상북도,영덕군,금곡1지구,마을뒷산,경상북도 영덕군 병곡면 거무실1길 54,150,공터,500,,25,129.41277100,36.64189600
420,경상북도,영덕군,금곡1지구,칠보산도로변,경상북도 영덕군 병곡면 칠보산길 1296,200,공터,300,,79,129.41060000,36.63861100
421,경상북도,영덕군,금곡2지구,구국도변 공터,경상북도 영덕군 병곡면 군지경로 106,70,공터,300,,28,129.42201400,36.64340600
459,경상북도,영덕군,오보지구,오보교회뒤,경상북도 영덕군 영덕읍 오보길 25-5,50,공터,170,,47,129.43211700,36.44238700
460,경상북도,영덕군,오보지구,오보보건소뒤,경상북도 영덕군 영덕읍 오보길 3-2,80,공터,280,,30,129.43022800,36.44130100
461,경상북도,영덕군,오포1지구,오포1리 마을뒷산(1),경상북도 영덕군 강구면 오포3길 9,100,공터,550,,340,129.37424200,36.36172200
462,경상북도,영덕군,오포1지구,오포1리 마을뒷산(2),경상북도 영덕군 강구면 오포리 산10,200,공터,600,,340,129.37334700,36.36483900
463,경상북도,영덕군,"오포2,3지구",강구정보고,경상북도 영덕군 강구면 신강구길1길 41,1200,학교운동장,600,,22,129.37994900,36.35337700
464,경상북도,영덕군,"오포2,3지구",강구초등학교,경상북도 영덕군 강구면 나비산길 8,500,학교운동장,490,,20,129.37878000,36.35643500
431,경상북도,영덕군,노물지구,구)보건소 맞은편,경상북도 영덕군 영덕읍 노물1길 15,35,공터,370,,42,129.43106900,36.44681200
432,경상북도,영덕군,노물지구,선창횟집 뒤,경상북도 영덕군 영덕읍 노물2길 12,20,공터,320,,45,129.43115000,36.44626900
433,경상북도,영덕군,노물지구,대원사입구,경상북도 영덕군 영덕읍 노물1길 27,35,공터,430,,54,129.43058600,36.44779100
434,경상북도,영덕군,노물지구,지미슈퍼뒤 공터,경상북도 영덕군 영덕읍 영덕대게로 1296,20,공터,250,,35,129.43293000,36.44700100
435,경상북도,영덕군,노물지구,해녀횟집뒤 골목,경상북도 영덕군 영덕읍 노물길 42-2,25,공터,160,,46,129.43494700,36.44644100
436,경상북도,영덕군,대부지구,구)마을회관옆,경상북도 영덕군 영덕읍 영덕대게로 691-13,150,공터,90,,35,129.42111200,36.40141300
437,경상북도,영덕군,대부지구,창포교회뒤편,경상북도 영덕군 영덕읍 영덕대게로 739,400,공터,85,,35,129.42304800,36.40397500
438,경상북도,영덕군,대진1지구,대진1리 마을뒤 야산,경상북도 영덕군 영해면 대진리 산10-7,160,공터,230,,30,129.42827400,36.56187000
439,경상북도,영덕군,대진2지구,마을뒤 야산 1,경상북도 영덕군 영해면 관대길 77,200,공터,150,,20,129.42856800,36.55629200
440,경상북도,영덕군,대진3지구,마을뒤 야산 2,경상북도 영덕군 영해면 건달길 11-21,150,공터,70,,20,129.43880200,36.55062600
441,경상북도,영덕군,대탄지구,창호민박뒤,경상북도 영덕군 영덕읍 대탄1길 7,130,공터,260,,49,129.43226900,36.43384300
476,경상북도,영덕군,축산항지구,블루로드길,경상북도 영덕군 축산면 축산항2길 9-32,100,공터,70,,40,129.44420500,36.50136200
474,경상북도,영덕군,창포지구,창포초등학교,경상북도 영덕군 영덕읍 창포길 2-12,430,학교운동장,100,,25,129.42791500,36.40944100
475,경상북도,영덕군,축산항지구,목너머,경상북도 영덕군 축산면 영덕대게로 2138,400,공터,70,,15,129.44353700,36.51205700
473,경상북도,영덕군,창포지구,창포일반(강유복 집뒤),경상북도 영덕군 영덕읍 창포1길 19-8,30,공터,150,,29,129.42935900,36.41200600
472,경상북도,영덕군,창포지구,창포보건소뒤,경상북도 영덕군 영덕읍 영덕대게로 767-5,30,공터,100,,29,129.42339500,36.40775600
469,경상북도,영덕군,장사지구(영덕),부흥2리 뒷산,경상북도 영덕군 남정면 산정로 57,250,공터,200,,30,129.36786900,36.28788200
470,경상북도,영덕군,창포지구,창포활어대게횟집 뒤,경상북도 영덕군 영덕읍 영덕대게로 811,30,공터,130,,35,129.42878400,36.40887500
471,경상북도,영덕군,창포지구,제당옆골목,경상북도 영덕군 영덕읍 창포1길 5,30,공터,90,,24,129.42864600,36.41131800
465,경상북도,영덕군,"오포2,3지구",독도수산뒤,경상북도 영덕군 강구면 신강구길 88,500,공터,160,,37,129.38600000,36.35300000
466,경상북도,영덕군,"오포2,3지구",오포대게식당뒤,경상북도 영덕군 강구면 신강구길 74,500,공터,200,,33,129.38647300,36.35401100
467,경상북도,영덕군,원척지구,마을공터,경상북도 영덕군 남정면 동해대로 3788,270,공터,70,,30,129.37763900,36.29789700
468,경상북도,영덕군,장사지구(영덕),남정중학교,경상북도 영덕군 남정면 진불길 11-20,500,공터,500,,30,129.37085500,36.28362000
448,경상북도,영덕군,병곡지구,바다향기펜션,경상북도 영덕군 병곡면 병곡1길 37,200,공터,300,,49,129.41462500,36.60373200
449,경상북도,영덕군,병곡지구,병곡휴게소,경상북도 영덕군 병곡면 흰돌로 20,800,공터,600,,41,129.41325200,36.60621500
450,경상북도,영덕군,부경지구,힐링턴콘도,경상북도 영덕군 남정면 동해대로 3478,400,공터,90,,30,129.37707402,36.27232363
451,경상북도,영덕군,부흥지구,마을회관,경상북도 영덕군 남정면 부흥1길 27,300,공터,130,,30,129.37650200,36.29183800
452,경상북도,영덕군,사진1지구,마을뒤야산,경상북도 영덕군 영해면 영덕대게로 2467-29,100,공터,250,,35,129.43751700,36.53874700
453,경상북도,영덕군,사진2지구,마을뒤 공터,경상북도 영덕군 영해면 괴시사진길 319,150,공터,150,,40,129.43915000,36.53106500
454,경상북도,영덕군,사진3지구,마을뒤야산,경상북도 영덕군 영해면 공수진길 44,100,공터,150,,20,129.43751700,36.53874700
455,경상북도,영덕군,삼사지구,삼사공원입구1,경상북도 영덕군 강구면 해상공원길 9,500,도로변,250,,27,129.38206400,36.34543500
456,경상북도,영덕군,삼사지구,삼사공원입구2,경상북도 영덕군 강구면 해상공원길 34,150,도로변,100,,27,129.38494500,36.34525500
457,경상북도,영덕군,삼사지구,씨아일랜드주차장,경상북도 영덕군 강구면 동해대로 4280,50,공터,60,,10,129.38157800,36.34015800
458,경상북도,영덕군,영4지구,영4리 야산,경상북도 영덕군 병곡면 영길 7,300,공터,600,,49,129.40270000,36.59352000
500,경상북도,울진군,진복지구2,만영수산뒤밭,경상북도 울진군 근남면 진복리 174,100,공터,175,,13,129.41716200,36.92183700
477,경상북도,영덕군,축산항지구,와우산,경상북도 영덕군 축산면 축산항5길 11-2,200,공터,100,,30,129.44659700,36.51082700
478,경상북도,영덕군,축산항지구,죽도산,경상북도 영덕군 축산면 축산항길 97,300,공터,400,,40,129.45088900,36.50765400
479,경상북도,영덕군,축산항지구,축산항초교,경상북도 영덕군 축산면 축산항초교길 2,400,학교운동장,600,,20,129.44252400,36.50932700
480,경상북도,영덕군,하저지구,문화교맞은편뒤,경상북도 영덕군 강구면 하저길 419-8,100,공터,200,,15,129.40688800,36.39061200
481,경상북도,영덕군,하저지구,탁주합동제조장뒤,경상북도 영덕군 강구면 영덕대게로 509-19,100,공터,430,,12,129.40840000,36.39200500
482,경상북도,영덕군,하저지구,푸른바다민박뒤,경상북도 영덕군 강구면 영덕대게로 555,100,공터,270,,11,129.41412200,36.39351100
483,경상북도,영덕군,하저지구,하저문화마을뒤,경상북도 영덕군 강구면 하저1길 21-34,200,공터,310,,14,129.40446700,36.38957900
484,경상북도,울진군,산포지구3,방사능센터,경상북도 울진군 근남면 산포1길 34,300,공공건축물,1100,,5,129.40253400,36.96128200
485,경상북도,울진군,노음지구,근남문화체육센터,경상북도 울진군 근남면 울진북로 151-3,300,공공건축물,1700,,6,129.39558200,36.96361300
486,경상북도,울진군,노음지구,노음초등학교,경상북도 울진군 근남면 노음6길 22,300,학교운동장,2000,,7,129.39183000,36.95866500
487,경상북도,울진군,노음지구,경원아파트,경상북도 울진군 근남면 노음리 331-4,200,민간건축물,1800,,6,129.39433500,36.96089900
488,경상북도,울진군,산포지구3,산포리1030-4번지일대밭,경상북도 울진군 근남면 산포리 1030-4,100,공터,630,,14,129.40870900,36.95873000
510,경상북도,울진군,사동지구1,사동초등학교,경상북도 울진군 기성면 사동리 455,500,학교운동장,90,,15,129.43780400,36.83009900
511,경상북도,울진군,구산지구1,구산중앙교회옆,경상북도 울진군 기성면 구산리 177,200,공터,240,,22,129.46655490,36.76118690
489,경상북도,울진군,산포지구4,산포리18번지일대밭,경상북도 울진군 근남면 산포리 18,150,공터,130,,17,129.41630100,36.95460100
490,경상북도,울진군,산포지구5,산포리92번지일대밭,경상북도 울진군 근남면 산포리 312,100,공터,250,,8,129.41529200,36.94754400
491,경상북도,울진군,산포지구5,산포리313번지일대밭,경상북도 울진군 근남면 산포리 313,100,공터,250,,20,129.41517000,36.94766100
492,경상북도,울진군,산포지구5,산포3리마을회관,경상북도 울진군 근남면 산포리 75-1,100,공공건축물,170,,7,129.41725200,36.94649900
493,경상북도,울진군,산포지구4,산포리523번지일대밭,경상북도 울진군 근남면 산포리 523,150,공터,220,,11,129.41356500,36.95774000
494,경상북도,울진군,"산포지구1,2",산포리641-2번지도로일대,경상북도 울진군 근남면 산포리 642,100,도로변,200,,14,129.41222700,36.96189600
495,경상북도,울진군,"산포지구1,2",해맞이공원주차장,경상북도 울진군 근남면 산포리 661-3,300,공터,220,,21,129.41229400,36.96454900
496,경상북도,울진군,"산포지구1,2",망양정,경상북도 울진군 근남면 산포리 714,100,공터,130,,42,129.41273200,36.96658500
497,경상북도,울진군,수산지구,수산리421번지일대,경상북도 울진군 근남면 수산리 421,100,공터,1500,,21,129.39406800,36.96974400
498,경상북도,울진군,수산지구,수산리483-1번지일대,경상북도 울진군 근남면 수산리 483-1,80,공터,1200,,12,129.39783700,36.97183300
499,경상북도,울진군,수산지구,수산리493번지공터,경상북도 울진군 근남면 수산리 493,300,공터,1200,,10,129.39710900,36.97301100
512,경상북도,울진군,구산지구1,구산침례교회뒷산,경상북도 울진군 기성면 구산리 305,300,공터,200,,21,129.46573580,36.75840080
513,경상북도,울진군,구산지구2,구산비치모텔뒤공터,경상북도 울진군 기성면 구산리 391,300,공터,360,,20,129.46474540,36.75207460
514,경상북도,울진군,구산지구2,동해월송정옥상,경상북도 울진군 기성면 구산리 418-1,300,공공건축물,280,,22,129.46424660,36.75505800
515,경상북도,울진군,구산지구1,태평양횟집뒷산,경상북도 울진군 기성면 구산리 48-2,150,공터,150,,22,129.47134330,36.76268400
516,경상북도,울진군,구산지구1,마을뒤고지대밭,경상북도 울진군 기성면 구산리 83,300,공터,240,,19,129.47396810,36.76336610
517,경상북도,울진군,기성지구,비행훈련원기숙사,경상북도 울진군 기성면 기성로 721,1000,공공건축물,550,,40,129.45008160,36.80232990
518,경상북도,울진군,망양지구2,망양정옛터,경상북도 울진군 기성면 망양리 산68,300,공터,90,,19,129.42778700,36.84953300
519,경상북도,울진군,망양지구1,마을뒤고지대,경상북도 울진군 기성면 망양리 515-1,500,공터,300,,19,129.42315100,36.85236300
520,경상북도,울진군,봉산지구2,봉산2리마을회관뒤밭,경상북도 울진군 기성면 봉산리 115-2,200,공터,120,,15,129.47445970,36.77055710
521,경상북도,울진군,봉산지구1,봉산리 150-1 일대 밭,경상북도 울진군 기성면 봉산리 150-1,100,공터,100,,15,129.47127100,36.77472500
522,경상북도,울진군,봉산지구1,봉산1리마을뒷산,경상북도 울진군 기성면 봉산리 306,100,공터,100,,26,129.46900300,36.78018700
501,경상북도,울진군,진복지구2,진복2리복지회관뒤밭,경상북도 울진군 근남면 진복리 231-2,150,공터,80,,9,129.41591300,36.91832700
502,경상북도,울진군,진복지구1,진복리522번지일대공터,경상북도 울진군 근남면 진복리 522,100,공터,325,,19,129.41451600,36.92698700
503,경상북도,울진군,진복지구1,진복리651번지일대,경상북도 울진군 근남면 진복리 651,300,공터,320,,8,129.41352300,36.92921600
504,경상북도,울진군,진복지구1,펜션뒤밭,경상북도 울진군 근남면 진복리 716-3,100,공터,200,,5,129.41484900,36.93164600
505,경상북도,울진군,기성지구,기성리 451번지 옆 도로,경상북도 울진군 기성면 기성리 451번지,300,도로변,370,,30,129.45704770,36.80379280
506,경상북도,울진군,기성지구,기성리 135번지 일대 밭,경상북도 울진군 기성면 척산리 135,100,공터,100,,15,129.44907800,36.79640100
507,경상북도,울진군,기성지구,기성리 321번지 일대 밭,경상북도 울진군 기성면 척산리 321,100,공터,250,,20,129.45133300,36.80111600
508,경상북도,울진군,망양지구2,삼성모텔 뒤 야산,경상북도 울진군 기성면 망양로 111,200,공터,100,,18,129.42919800,36.84620600
509,경상북도,울진군,망양지구1,늘푸른민박,경상북도 울진군 기성면 망양로 217-1,200,민간건축물,100,,14,129.42531100,36.85498000
534,경상북도,울진군,"덕신지구1,2",마을뒤고지대밭,경상북도 울진군 매화면 덕신리 317,250,공터,670,,11,129.41335400,36.88202800
535,경상북도,울진군,"덕신지구1,2",덕신감리교회뒷편,경상북도 울진군 매화면 덕신리 406-3,250,공터,220,,6,129.41448100,36.88408600
536,경상북도,울진군,"덕신지구1,2",덕신리마을뒷산,경상북도 울진군 매화면 덕신리 476-1,250,공터,230,,11,129.41326600,36.88695200
537,경상북도,울진군,오산지구2,망양정로,경상북도 울진군 매화면 오산리 106-4,100,도로변,180,,18,129.41858100,36.89720200
538,경상북도,울진군,오산지구2,오산항 등대,경상북도 울진군 매화면 오산리 238,100,공터,340,,43,129.41763300,36.89438100
539,경상북도,울진군,오산지구3,마을뒤고지대,경상북도 울진군 매화면 오산리 253-2,200,공터,510,,9,129.41682100,36.89380700
540,경상북도,울진군,오산지구3,순복음교회뒷산,경상북도 울진군 매화면 오산리 294,150,공터,360,,11,129.41493700,36.89279200
541,경상북도,울진군,오산지구1,오산3리뒷산,경상북도 울진군 매화면 오산리 561,250,공터,450,,11,129.41303400,36.90426700
542,경상북도,울진군,오산지구1,마을뒤고지대,경상북도 울진군 매화면 오산리 642-1,380,공터,320,,14,129.41403200,36.90945000
543,경상북도,울진군,부구지구2,사슴농장앞도로,경상북도 울진군 북면 중흥부길 35-10,100,도로변,720,,18,129.35715900,37.10280700
523,경상북도,울진군,봉산지구1,봉산1리개인주택,경상북도 울진군 기성면 봉산리 322,300,민간건축물,250,,23,129.46593410,36.78152360
524,경상북도,울진군,봉산지구1,봉산리 490번지 인근도로,경상북도 울진군 기성면 봉산리 490,1000,도로변,500,,24,129.45892300,36.78855700
525,경상북도,울진군,봉산지구2,마을뒷산묘지,경상북도 울진군 기성면 봉산리 산60,300,공터,60,,17,129.47411850,36.77175170
526,경상북도,울진군,봉산지구2,봉산2리개인주택,경상북도 울진군 기성면 봉산리 75-3,500,민간건축물,130,,15,129.47568750,36.76916230
527,경상북도,울진군,사동지구2,마을뒤고지대,경상북도 울진군 기성면 사동리 168,300,공터,90,,15,129.44646000,36.82322700
528,경상북도,울진군,사동지구1,마을뒤도로,경상북도 울진군 기성면 사동리 308-1,300,공터,100,,15,129.44547500,36.82892600
529,경상북도,울진군,사동지구1,사동2리마을뒷산,경상북도 울진군 기성면 사동리 산13,100,공터,100,,21,129.44381800,36.82863300
530,경상북도,울진군,사동지구2,사동3리마을뒷산,경상북도 울진군 기성면 사동리 산75,100,공터,160,,26,129.44445500,36.82544400
531,경상북도,울진군,기성지구,기성초등학교,경상북도 울진군 기성면 척산2길 24-4,500,학교운동장,250,,17,129.44946360,36.79795710
532,경상북도,울진군,오산지구3,해양레포츠센터,경상북도 울진군 매화면 오산항길 59,100,공공건축물,25,,5,129.41286600,36.89011200
533,경상북도,울진군,"덕신지구1,2",덕신휴게소뒷산,경상북도 울진군 매화면 덕신리 255-1,250,공터,780,,25,129.41425100,36.87928100
572,경상북도,울진군,봉평지구2,죽변비취모텔뒷편,경상북도 울진군 죽변면 봉평리 200,100,공터,560,,13,129.41371700,37.03741400
554,경상북도,울진군,부구지구1,북면사무소,경상북도 울진군 북면 부구3길 12,100,공공건축물,200,,8,129.37286900,37.10487900
555,경상북도,울진군,부구지구1,마을회관뒤밭,경상북도 울진군 북면 부구리 158,50,공터,80,,12,129.37243100,37.10386000
556,경상북도,울진군,부구지구1,부구교회뒤밭,경상북도 울진군 북면 부구리 211-18,50,공터,330,,16,129.37473300,37.10583000
557,경상북도,울진군,부구지구2,두산중공업사원아파트뒤밭,경상북도 울진군 북면 부구리 319-1,200,공터,420,,26,129.36710100,37.10221600
558,경상북도,울진군,부구지구2,부구리528일대밭,경상북도 울진군 북면 부구리 528,200,공터,180,,25,129.36570100,37.10117400
559,경상북도,울진군,부구지구1,부구초등학교옆,경상북도 울진군 북면 부구리 278,100,공터,520,,24,129.37202900,37.10230070
560,경상북도,울진군,"연지지구 2, 3",대동빌라,경상북도 울진군 울진읍 현내항길 191,180,공공건축물,60,,25,129.41432000,36.99162100
561,경상북도,울진군,연지지구 1,연지리406-1번지일대,경상북도 울진군 울진읍 연지리 406-1,100,공터,550,,22,129.41587400,37.00262800
562,경상북도,울진군,연지지구 1,연지리495-1번지도로일대,경상북도 울진군 울진읍 연지리 495-1,300,도로변,240,,26,129.41648300,37.00502400
563,경상북도,울진군,온양지구 1,온양2리마을회관뒷산,경상북도 울진군 울진읍 온양리 127-2,100,공터,130,,25,129.40764400,37.02781000
544,경상북도,울진군,나곡지구1,금세골,경상북도 울진군 북면 나곡리 1134,100,도로변,170,,49,129.35948300,37.14325000
545,경상북도,울진군,나곡지구3,나곡리 129-4 공터,경상북도 울진군 북면 나곡리 129-4,40,공터,880,,21,129.35876500,37.12575000
546,경상북도,울진군,나곡지구3,한수원아파트,경상북도 울진군 북면 나곡리 178-1,500,공터,610,,8,129.37177000,37.10953400
547,경상북도,울진군,나곡지구3,나곡리 50-18 야산,경상북도 울진군 북면 나곡리 50-18,40,공터,250,,15,129.37586000,37.11359500
548,경상북도,울진군,나곡지구3,석호마을아파트,경상북도 울진군 북면 나곡리 62-1,330,도로변,230,,7,129.37348400,37.11445600
549,경상북도,울진군,나곡지구2,모텔휠파크앞도로,경상북도 울진군 북면 나곡리 686-7,360,도로변,280,,14,129.37064800,37.12441400
550,경상북도,울진군,나곡지구2,나곡리725-2일대밭,경상북도 울진군 북면 나곡리 725-2,200,공터,390,,15,129.36918700,37.12534500
551,경상북도,울진군,나곡지구2,나곡비치모텔,경상북도 울진군 북면 나곡리 880,50,공터,60,,15,129.37064700,37.12714600
552,경상북도,울진군,나곡지구1,나곡리1146-3주변,경상북도 울진군 북면 나곡리 산14-16,100,공터,410,,33,129.36137800,37.14178000
553,경상북도,울진군,나곡지구2,만남의광장앞도로,경상북도 울진군 북면 나곡리 산169,200,도로변,390,,16,129.36780400,37.12857200
588,경상북도,울진군,거일지구1,마을뒷산고지대 5,경상북도 울진군 평해읍 거일리 산29,47,공터,260,,25,129.47113500,36.71427200
589,경상북도,울진군,거일지구1,파도향기펜션,경상북도 울진군 평해읍 거일리 61-2,48,공터,230,,20,129.47272700,36.71147500
590,경상북도,울진군,거일지구1,평해연수원뒷산,경상북도 울진군 평해읍 거일리 산63,47,공터,120,,25,129.47260000,36.70824200
573,경상북도,울진군,봉평지구1,골마야산밭,경상북도 울진군 죽변면 봉평리 577,50,공터,490,,16,129.40991700,37.04767800
574,경상북도,울진군,봉평지구1,봉평신라비전시관옆,경상북도 울진군 죽변면 봉평리 산 71-3,100,공터,560,,17,129.40733500,37.04393900
575,경상북도,울진군,봉평지구1,이안빌라뒷편,경상북도 울진군 죽변면 봉평리 산 76-1,100,공터,170,,16,129.41234800,37.04269200
576,경상북도,울진군,"죽변1,2지구",죽변초등학교,경상북도 울진군 죽변면 죽변3길 17,450,학교운동장,490,,17,129.42178100,37.06381100
577,경상북도,울진군,"죽변1,2지구",죽변중고등학교,경상북도 울진군 죽변면 죽변4길 19,500,학교운동장,580,,21,129.42030000,37.06457900
578,경상북도,울진군,"죽변1,2지구",동도빌라,경상북도 울진군 죽변면 죽변리 197-1,500,공터,290,,34,129.42362500,37.06426500
579,경상북도,울진군,"죽변1,2지구",정구장,경상북도 울진군 죽변면 죽변리 1-43,450,공터,680,,26,129.42818300,37.05763100
580,경상북도,울진군,"죽변1,2지구",죽변면 보건지소,경상북도 울진군 죽변면 죽변리 57-1,840,공공건축물,380,,15,129.42254200,37.06119600
581,경상북도,울진군,"죽변1,2지구",용진모텔뒤공터,경상북도 울진군 죽변면 후정리 277-1,100,공터,610,,16,129.41725800,37.05861000
564,경상북도,울진군,온양지구 2,고래꿈호텔,경상북도 울진군 울진읍 온양리 317-4,300,공터,320,,22,129.41211600,37.01583700
565,경상북도,울진군,온양지구 1,온양리175번지일대,경상북도 울진군 울진읍 온양리 175,100,공터,220,,17,129.40690900,37.02532800
566,경상북도,울진군,온양지구 2,온양교원사택앞,경상북도 울진군 울진읍 온양리 224-27,50,공터,190,,15,129.40870200,37.02370800
567,경상북도,울진군,온양지구 1,교원사택,경상북도 울진군 울진읍 울진북로 925,500,공터,100,,5,129.40838100,37.02405100
568,경상북도,울진군,읍남지구 1,읍남리102-1번지마을뒤언덕,경상북도 울진군 울진읍 읍남리 102-1,100,공터,340,,9,129.40571600,36.98084600
569,경상북도,울진군,읍남지구 2,읍남리145번지일대밭,경상북도 울진군 울진읍 읍남리 152-1,100,공터,210,,23,129.40839300,36.98581300
570,경상북도,울진군,"연지지구 2, 3",연지1리마을회관,경상북도 울진군 울진읍 현내항길 307,200,공공건축물,40,,15,129.41533200,36.99150800
571,경상북도,울진군,봉평지구2,봉평1리마을회관,경상북도 울진군 죽변면 봉평리 292-11,100,공공건축물,100,,13,129.41340200,37.03426000
636,경상북도,울릉군,저동지구,우산중학교,경상북도 울릉군 울릉읍 저동리 452,500,학교운동장,330,,45,130.90625600,37.49490700
637,경상북도,울릉군,저동지구,울릉고등학교,경상북도 울릉군 울릉읍 도동리 350,700,학교운동장,192,,27,130.90769200,37.49285800
638,경상북도,울릉군,천부지구,북면사무소,경상북도 울릉군 북면 천부리 529-8,200,공터,146,,16,130.87472700,37.54079700
639,경상북도,울릉군,천부지구,천부초등학교,경상북도 울릉군 북면 천부리 694,300,학교운동장,228,,55,130.87140200,37.53706500
634,경상북도,울릉군,도동지구,울릉중학교,경상북도 울릉군 울릉읍 도동리 223-8,400,학교운동장,590,,48,130.90262200,37.48495500
629,경상북도,울진군,삼율지구2,마을뒷산고지대,경상북도 울진군 후포면 후포리 산96-17,400,공터,100,,20,129.44862100,36.67981000
630,경상북도,울진군,삼율지구2,정우맨션옥상,경상북도 울진군 후포면 후포삼율로 128-7,300,민간건축물,360,,17,129.44361600,36.68134200
631,경상북도,울릉군,남양지구,남양초등학교,경상북도 울릉군 서면 남양리 586-2,400,학교운동장,336,,21,130.83990000,37.46863000
632,경상북도,울릉군,남양지구,서면사무소,경상북도 울릉군 서면 남양리 659-2,100,공터,136,,16,130.83809600,37.46771600
633,경상북도,울릉군,남양지구,울릉서중학교,경상북도 울릉군 서면 남서리 30-3,400,학교운동장,228,,17,130.83636900,37.46889100
622,경상북도,울진군,후포지구1,마을뒷산고지대,경상북도 울진군 후포면 후포리 37,200,공터,120,,20,129.46429100,36.68856600
623,경상북도,울진군,후포지구1,마을뒷산 고지대,경상북도 울진군 후포면 후포리 37,200,공터,100,,19,129.46433500,36.68838800
624,경상북도,울진군,후포지구1,후포1리마을고지대,경상북도 울진군 후포면 후포리 447-1,300,공터,100,,20,129.46001200,36.68486800
625,경상북도,울진군,후포지구2,등기산주차장,경상북도 울진군 후포면 후포리 563,800,공터,160,,25,129.46352500,36.68183700
626,경상북도,울진군,후포지구1,후포동부초등학교,경상북도 울진군 후포면 후포리 427-1,500,학교운동장,130,,20,129.46277500,36.68580100
627,경상북도,울진군,후포지구1,평해광업사원아파트,경상북도 울진군 후포면 후포리 산140,400,공터,200,,25,129.46290900,36.68400500
628,경상북도,울진군,후포지구2,전망대,경상북도 울진군 후포면 후포리 산141-13,200,공터,160,,21,129.46470200,36.68047700
615,경상북도,울진군,삼율지구3,공영하이츠옥상,경상북도 울진군 후포면 정실2길 24-1,500,민간건축물,300,,35,129.43910600,36.67760600
616,경상북도,울진군,삼율지구2,우성플러스빌옥상,경상북도 울진군 후포면 청구천길 4-8,300,민간건축물,120,,37,129.44483100,36.68178500
617,경상북도,울진군,후포지구1,후포등기산공원,경상북도 울진군 후포면 후포리 583-1,800,공터,200,,43,129.46248400,36.68205900
618,경상북도,울진군,후포지구4,후포교회,경상북도 울진군 후포면 후포로 101,300,공터,100,,17,129.45230900,36.68086200
619,경상북도,울진군,후포지구2,용마맨션옥상,경상북도 울진군 후포면 후포로 195,300,민간건축물,100,,19,129.46081700,36.68184100
10,부산광역시,기장군,선택안함,국립수산과학원 정문 앞 도로,부산광역시 기장군 기장읍 시랑리 408-1,200,도로변,500,,14,129.22107900,35.19220200
11,부산광역시,기장군,동암지구,힐튼호텔 앞 도로,부산 기장군 기장읍 시랑리 704,500,도로변,300,,21,129.22638700,35.19891300
7,부산광역시,기장군,대변지구,대변항 입구 교차로,부산 기장군 기장읍 대변리 450,300,도로변,75,,15,129.22641600,35.22369700
8,부산광역시,기장군,대변지구,힐타운 앞 도로,부산 기장군 기장읍 대변리 266-5,270,도로변,60,,18,129.23159300,35.22284200
9,부산광역시,기장군,동백지구,부경대수산과학연구소 앞 야산,부산 기장군 일광면 동백리 241-3,650,공터,320,,17,129.25460800,35.28557700
4,부산광역시,기장군,공수지구,공수마을뒷산(멍두산),부산 기장군 기장읍 시랑리 690-3,400,공터,550,,30,129.20669100,35.18402100
5,부산광역시,기장군,공수지구,당사마을 정자 앞 도로,부산 기장군 기장읍 당사리 510,400,도로변,300,,30,129.21041700,35.18679500
6,부산광역시,기장군,대변지구,대항교회,부산 기장군 기장읍 대변리 149,300,민간건축물,350,미적용,11,129.22634900,35.22637700
1,부산광역시,강서구,대항지구,대항주차장,부산광역시 강서구 가덕도동 산 13-26,6053,도로변,200,,15,128.83003000,35.01224342
2,부산광역시,강서구,대항지구,마을진입로,부산 강서구 대항동 382-2,463,도로변,80,,35,128.82758600,35.01448900
3,부산광역시,강서구,대항지구,(구)외항포가는길,부산 강서구 대항동 산 13-29,397,도로변,55,,25,128.82513900,35.00989000
647,전라남도,화순군,선택안함,도곡초등학교 운동장,전라남도 화순군 도곡면 천암1길 71,5091,,0,,0,126.90860000,35.01310000
648,경상북도,고령군,선택안함,성산중학교 운동장,경상북도 고령군 성산면 운성로 877,2525,,0,,0,128.36258100,35.75087400
649,전라남도,화순군,선택안함,도암중학교 운동장,전라남도 화순군 도암면 권동길 4-6,4848,,0,,0,126.89550000,34.93780000
650,전라남도,화순군,선택안함,천태초등학교 운동장,전라남도 화순군 도암면 천태로 526,5697,,0,,0,126.89340000,34.94530000
642,경상북도,울릉군,현포지구,현포분교,경상북도 울릉군 북면 현포리 549,300,학교운동장,231,,33,130.82201300,37.52445100
643,전라남도,화순군,선택안함,북면중학교 운동장,전라남도 화순군 백아면 이천리 26,6909,,0,,0,127.13469610,35.16575542
644,전라남도,화순군,선택안함,아산초등학교 운동장,전라남도 화순군 백아면 이천리 55번지,3030,,0,,0,127.13334775,35.16877658
645,전라남도,화순군,선택안함,춘양초등학교 운동장,전라남도 화순군 춘양면 춘양로 124,5576,,0,,0,126.95968839,34.94956153
646,경상북도,고령군,선택안함,성산초등학교 운동장,경상북도 고령군 성산면 성산로 902,9975,,0,,0,128.36087000,35.74859500
641,경상북도,울릉군,태하지구,태하출장소,경상북도 울릉군 서면 태하리 539-27,50,공터,343,,14,130.80099700,37.51232500
640,경상북도,울릉군,태하지구,태하분교,경상북도 울릉군 서면 태하리 521-2,50,학교운동장,351,,16,130.80209800,37.51288700
635,경상북도,울릉군,사동지구,농업기술센터,경상북도 울릉군 울릉읍 사동리 541-8,640,공터,185,,38,130.87382100,37.46025100
12,부산광역시,기장군,서암-신암지구,서암마을 뒤 신도로,부산 기장군 기장읍 연화리 507,500,도로변,200,,28,129.21958600,35.21404900
13,부산광역시,기장군,서암-신암지구,신암마을 뒤 신도로1,부산 기장군 기장읍 연화리 284-32,300,도로변,500,,17,129.22248100,35.21880100
14,부산광역시,기장군,서암-신암지구,신암마을 뒤 신도로2,부산 기장군 기장읍 연화리 193,300,도로변,250,,17,129.22496100,35.21906900
15,부산광역시,기장군,서암-신암지구,신암마을 교차로,부산 기장군 기장읍 연화리 산1-7,300,도로변,200,,17,129.22626300,35.22013500
16,부산광역시,기장군,월내-길천지구,고리스포츠문화센터,부산 기장군 장안읍 길천리 85,1500,공공건축물,500,1등급,14,129.28575700,35.32944600
17,부산광역시,기장군,월내-길천지구,기장문화예절학교,부산 기장군 장안읍 월내리 579,900,공공건축물,550,2등급,34,129.26674900,35.32582700
18,부산광역시,기장군,월내-길천지구,월내야산(삼막골),부산 기장군 장안읍 월내리 286-2,700,공터,400,,26,129.27560100,35.32914100
19,부산광역시,기장군,월전-죽성지구,월전마을 야산 사거리,부산 기장군 기장읍 죽성리 296-1,500,공터,520,,16,129.24127200,35.23972600
20,부산광역시,기장군,월전-죽성지구,왜성주차장,부산 기장군 기장읍 죽성리 258,500,공터,400,,16,129.24374100,35.24101500
21,부산광역시,기장군,월전-죽성지구,사랑애 펜션 앞 도로,부산 기장군 기장읍 죽성리 481-1,90,도로변,130,,15,129.24097700,35.23691200
22,부산광역시,기장군,임랑지구,장안어린이집 앞 도로,부산 기장군 장안읍 해맞이로 167,90,도로변,100,,15,129.25902600,35.31690600
